tau,epoch,mean_train_loss,std_train_loss,mean_test_loss,std_test_loss,mean_test_acc,std_test_acc,mean_test_error,std_test_error,mean_weight_norm,std_weight_norm,mean_mean_grad_sq,std_mean_grad_sq
0,1,1.6757762846739397,0.016070088797199743,1.9482807240804039,0.32269913073796325,0.3736333333333333,0.048906577608061386,0.6263666666666666,0.04890657760806143,37.62636693318685,0.07101723630203786,6.3386868330390405,0.21302725335227782
0,2,1.2899599036190719,0.02299410140125301,1.2917196901957195,0.09227454975320949,0.5532666666666667,0.01775678274162672,0.44673333333333326,0.017756782741626724,37.88383483886719,0.07129335237440936,5.392340202125873,0.09081260718942995
0,3,1.0941266377360417,0.0259348871331434,1.3336662020365397,0.2624391932962718,0.5664999999999999,0.04536066577994637,0.4335,0.04536066577994638,38.13425318400065,0.06851110493236762,5.037602086950852,0.08619401633754847
0,4,0.9696142106409879,0.020543225465459097,1.1645406031926473,0.15455198240612572,0.6120333333333333,0.04146339751314809,0.3879666666666666,0.04146339751314809,38.373251597086586,0.06870199002260241,4.720138243581379,0.0802845208504648
0,5,0.8762677095938421,0.015078077270346843,1.1821989592234292,0.42117501037451593,0.6180333333333333,0.0928444038880822,0.38196666666666673,0.0928444038880822,38.606658935546875,0.06564308742394827,4.522697216946273,0.056436826895274884
0,6,0.8035362663679618,0.007498503318715,1.0456934224446615,0.05635308017569434,0.6581,0.013509996299037257,0.34190000000000004,0.013509996299037257,38.83410517374674,0.06338134032439535,4.439838522503697,0.05815748752585067
0,7,0.743966891510509,0.009817691368008379,0.8596192674318949,0.08000681201545039,0.7071333333333333,0.01959727872265262,0.29286666666666666,0.01959727872265262,39.05428949991862,0.06082181723918012,4.27020452154732,0.09602540239751226
0,8,0.6946797814007407,0.0074675831224773215,0.8858517413139344,0.05229736837651681,0.7052,0.013952419145080145,0.2948,0.013952419145080145,39.26883188883463,0.057617193603582646,4.153233004729157,0.08585036340196199
0,9,0.65608542120975,0.00587378365564445,0.8014682478268941,0.05232906936167474,0.7359333333333334,0.015301089285842845,0.26406666666666667,0.015301089285842846,39.47781117757162,0.05544995727777304,4.063709285491339,0.048215955466393234
0,10,0.6232582942248407,0.00922998585516654,0.7804736721038817,0.027552957556991015,0.7392666666666666,0.005084617324178178,0.2607333333333333,0.005084617324178178,39.68149439493815,0.051533332759423525,3.9878375967114983,0.08278036369445836
0,11,0.595839976400569,0.009955465945645735,0.8794029088973998,0.17169933890872457,0.7082666666666667,0.052616759053873065,0.29173333333333334,0.052616759053873065,39.88227844238281,0.05050042466258062,3.96144803924024,0.07372916990370268
0,12,0.5682561598521263,0.005289241210260728,0.7265951617558798,0.04805606238630383,0.7623666666666665,0.009089737803332594,0.23763333333333336,0.009089737803332592,40.08098347981771,0.048179305149274466,3.8651510966403406,0.056682600967944696
0,13,0.5472858468386624,0.008198525936785203,0.8077718878110249,0.022465080149529387,0.7426666666666667,0.004499259198282918,0.2573333333333333,0.004499259198282918,40.275211334228516,0.04532221111876069,3.854591127983648,0.036274642819483525
0,14,0.525198511150487,0.009250600317491304,0.7637740525245666,0.13430495852055746,0.7543000000000001,0.03329999999999999,0.24569999999999995,0.033299999999999996,40.467122395833336,0.0447544991938517,3.7747148718059265,0.07145447664890102
0,15,0.5105854893279503,0.0057100830180694786,0.740185281531016,0.14135563688308828,0.7684666666666667,0.02859830997337664,0.23153333333333329,0.02859830997337664,40.65864690144857,0.04395668431233368,3.823689948803946,0.02797313436368031
0,16,0.49226339068660757,0.006853409146722829,0.7574026673316956,0.10070108594336753,0.7585666666666667,0.02348581131946122,0.2414333333333333,0.02348581131946122,40.84614817301432,0.040640686206021875,3.748889070826774,0.07238304927450331
0,17,0.47592143179612184,0.007778682020005743,0.7047928222656251,0.02626508767446089,0.7709333333333334,0.0033291640592396855,0.22906666666666667,0.0033291640592396855,41.03289286295573,0.041085397521805005,3.7097960972058046,0.04843430554039976
0,18,0.46353140574993484,0.007113296761715787,0.669655705610911,0.11913196807280983,0.7877666666666667,0.021716660271168173,0.21223333333333336,0.021716660271168177,41.215773264567055,0.039035889445168066,3.694793646486646,0.04632453204745465
0,19,0.45092459440942717,0.0109006615619791,0.646659935061137,0.0858471847324668,0.7877333333333333,0.02422897714170644,0.21226666666666671,0.02422897714170644,41.39829635620117,0.03949124345932784,3.6740037885471506,0.021003233169839965
0,20,0.4378783254164056,0.008628635920757391,0.691341766945521,0.04987211298828988,0.7793333333333333,0.00854068693568225,0.22066666666666668,0.00854068693568225,41.57992045084635,0.0394206921594091,3.661356457894174,0.03604741791932218
0,21,0.4247117292545641,0.008925826255920798,0.6247362286885579,0.059866424686106964,0.8038333333333334,0.014759516703921317,0.19616666666666668,0.014759516703921317,41.76124699910482,0.03828358190241606,3.65988901275141,0.0518884989148102
0,22,0.4149213703849432,0.004548145502691455,0.7041057464440664,0.17333927198359433,0.7807666666666667,0.04152858453322642,0.2192333333333333,0.04152858453322642,41.93895594278971,0.037819234661795556,3.6247234087872484,0.027796952876602086
0,23,0.40345256702572696,0.006769341839298843,0.6158105063120525,0.1332995825907965,0.8043666666666667,0.03329404351131496,0.19563333333333333,0.03329404351131496,42.11555099487305,0.03795353539589448,3.603136614377897,0.04748212455649658
0,24,0.39134749056229917,0.005568887591611968,0.7155660482406616,0.09735551229388212,0.7812666666666667,0.023958575361096388,0.21873333333333334,0.023958575361096388,42.291341145833336,0.03783916443723363,3.583414333544589,0.011727282311129798
0,25,0.3843056748209097,0.005833520879598853,0.6171807156562805,0.03194555575528748,0.8069333333333333,0.009402836451482804,0.19306666666666664,0.009402836451482804,42.464674631754555,0.03843273594961539,3.5633536304465516,0.009855428647936993
0,26,0.37478703964193555,0.0030102667336732065,0.5748733579317727,0.042323115442891905,0.8164000000000001,0.009516827202382117,0.18359999999999999,0.009516827202382115,42.63778305053711,0.03867678327400661,3.5663972204854395,0.009096470136197389
0,27,0.36764344249082653,0.0051027528870579725,0.6346429085731505,0.03306013014885615,0.7935666666666666,0.009623062575569876,0.20643333333333336,0.009623062575569876,42.81063334147135,0.03762632528138572,3.6104452885045824,0.019032841692371967
0,28,0.35864753932243526,0.002664465831662529,0.6651264262676239,0.02622179263390345,0.7951999999999999,0.004869291529575904,0.2048,0.004869291529575904,42.982496897379555,0.03781483007245485,3.5510544816598943,0.019466406483159223
0,29,0.35170196299103723,0.0040641158473344935,0.5938912470181782,0.057246410506565364,0.8108333333333334,0.01559241268480708,0.18916666666666668,0.015592412684807083,43.151947021484375,0.0374993594851902,3.524003890261232,0.020009498380815137
0,30,0.3440189944661182,0.0017094255528303853,0.6436090250651042,0.16267939447662016,0.8065333333333333,0.033285181888241686,0.19346666666666668,0.033285181888241686,43.32141621907552,0.03777815873243927,3.5290927911170926,0.01726698468547227
0,31,0.33452153284633046,0.007087145046647299,0.5378917526880901,0.009984119725150623,0.8311333333333333,0.005081666393352993,0.16886666666666664,0.005081666393352992,43.490301767985024,0.039415806234692236,3.535965745215831,0.0350382358500011
0,32,0.32944363335311055,0.0055964654643460105,0.5837085319519043,0.05724230210048984,0.8153333333333332,0.011402338941345912,0.18466666666666665,0.011402338941345912,43.658955891927086,0.04088059339751098,3.5357923808436955,0.04948399341500624
0,33,0.32274556209516647,0.003584694220940148,0.6159000408331553,0.07446773552066008,0.8102999999999999,0.01268345378830232,0.1897,0.01268345378830232,43.82667795817057,0.043301650181918006,3.541742550017025,0.07293689711818502
0,34,0.31650484801100953,0.006803174714523835,0.6694792459805806,0.08666766182816918,0.7958999999999999,0.022194819215303356,0.20410000000000003,0.022194819215303356,43.993909200032554,0.04615898640570083,3.5332782980902575,0.05676509147928872
0,35,0.3090008161993791,0.004295197814405217,0.538719582160314,0.06792998352016429,0.8279,0.018421997720117104,0.1721,0.018421997720117104,44.159566243489586,0.04691522167376698,3.5122503061022194,0.04947485731254151
0,36,0.3024689033818062,0.0018512900201410095,0.6593623014132182,0.025624228182212574,0.8063666666666666,0.007489548272982391,0.19363333333333332,0.007489548272982391,44.32450485229492,0.04746114391436058,3.4884937632930577,0.05273063368627913
0,37,0.2982188248776617,0.004725114992334499,0.5946880333105723,0.0626081678456093,0.8174,0.015950235107985086,0.1826,0.015950235107985086,44.488382975260414,0.046922855692951564,3.5193842771031973,0.030453223324882935
0,38,0.2937791068281563,0.003031336596311239,0.5674931912938753,0.014059126038681985,0.8253666666666666,0.004675824347998267,0.17463333333333333,0.004675824347998267,44.65228017171224,0.04766854744298993,3.507675164738052,0.0295766808286774
0,39,0.2874220623003552,0.006758572149419402,0.5531321863969167,0.06968157387029834,0.8302,0.016839536810732074,0.16979999999999998,0.016839536810732074,44.815338134765625,0.048903883783801505,3.520224642040302,0.030669361312788263
0,40,0.2828370115615726,0.006567077488836657,0.5801439698457719,0.11932037116381147,0.8266333333333332,0.02790292696713612,0.1733666666666667,0.027902926967136123,44.97775904337565,0.049928790498391544,3.525257265612877,0.00928419461986395
0,41,0.2758006251147946,0.0016821949189396463,0.49705195636749266,0.032409556377433174,0.8468666666666667,0.00903677671149026,0.15313333333333334,0.00903677671149026,45.138954162597656,0.05067448040260664,3.467704304445532,0.06521907059929964
0,42,0.27324545647685383,0.005533118724973769,0.791069671010971,0.3018250895716875,0.7897333333333334,0.051363443550187834,0.21026666666666669,0.051363443550187834,45.30011240641276,0.05131647344220204,3.517756721683685,0.04020495001481653
0,43,0.26827715358872345,0.0027050487798768973,0.6989239311536153,0.12438212488183294,0.8000333333333334,0.031050013419213394,0.19996666666666665,0.031050013419213398,45.459921518961586,0.0537347857586168,3.4806216029912385,0.056751839365715706
0,44,0.26232417767513333,0.004014945277809493,0.5220132089614868,0.04801576269041968,0.8461,0.00835942581760255,0.1539,0.00835942581760255,45.620259602864586,0.05207680987940022,3.48944024109176,0.025604959281494526
0,45,0.25882648194537444,0.006952988960920098,0.5517597541491192,0.047581127802975645,0.8362999999999999,0.010289800775525255,0.16370000000000004,0.010289800775525253,45.77878952026367,0.054308863488484495,3.491070029994303,0.05443969404638165
0,46,0.2537944290313778,0.0031206310171482832,0.5516780694325765,0.03493575800252401,0.8348,0.01062261737991159,0.1652,0.01062261737991159,45.9362678527832,0.05585081956213098,3.4810497867402392,0.057186921297266845
0,47,0.2488574891875975,0.0072545652589102415,0.5584483654816945,0.05398980744670148,0.8358666666666666,0.012133150181767876,0.16413333333333333,0.012133150181767876,46.09419631958008,0.05669945724384091,3.4754781990541495,0.07722051701110388
0,48,0.2472193333219486,0.003824611756728748,0.6464472668329875,0.07973810178632548,0.8180666666666667,0.017737061011715908,0.1819333333333333,0.017737061011715908,46.250665028889976,0.05898515170228861,3.494411257089283,0.07548957308013257
0,49,0.24442815536098003,0.0018470777216757282,0.6361112438042958,0.04857396510783779,0.8227333333333334,0.011168855506869694,0.17726666666666666,0.011168855506869694,46.406663258870445,0.060607742246591774,3.4906157908424458,0.03914106529805782
0,50,0.23707376012716755,0.0034877024074329173,0.5197506520271301,0.06307411506787497,0.8441,0.01172049487009832,0.1559,0.011720494870098318,46.561388651529946,0.06218528140110273,3.437597426284146,0.03784580153434062
1,1,1.8384016334553204,0.02542564141128919,1.664097019704183,0.09542531763671941,0.40473333333333333,0.014816994747023866,0.5952666666666667,0.014816994747023887,37.688027699788414,0.07223903324760375,5.913874719981088,0.20398570253405257
1,2,1.4308649569826055,0.026527261336353258,1.8333015770594276,0.34325205987875484,0.4236,0.022522655260870095,0.5764,0.022522655260870064,37.992682139078774,0.09033225431071053,4.049365147090781,0.2295413879552245
1,3,1.23689174987471,0.033411821371245216,1.43289243590037,0.3568682714671047,0.5288,0.07676099269811457,0.4712,0.07676099269811457,38.30231730143229,0.09597948807666287,3.8016171476216982,0.08554131981929099
1,4,1.0888282019972089,0.02566671430593968,1.2571604602813722,0.0831894810218606,0.5645666666666668,0.030136577996403884,0.4354333333333333,0.030136577996403884,38.58757527669271,0.10504866995723015,3.494639421740939,0.143938747535416
1,5,1.0023111212182432,0.02936433114343655,1.3939641476949056,0.40925922614441007,0.5573,0.08659151228613578,0.44270000000000004,0.08659151228613578,38.88403574625651,0.10887672758647178,3.396078251473739,0.11693932917918706
1,6,0.914792423662932,0.022629584862660684,1.0929575496673583,0.10603560709934291,0.6342666666666666,0.020409883226842167,0.3657333333333333,0.020409883226842167,39.159400939941406,0.10199959575831131,3.224131388896211,0.12298071645975535
1,7,0.8430136635785214,0.02303932004254757,1.038953346379598,0.1924155472846192,0.6602666666666667,0.04573503398198508,0.3397333333333334,0.04573503398198508,39.43234380086263,0.0949380122675509,3.1195444248407083,0.03218849668472295
1,8,0.7908945598362452,0.009243719768519183,0.9443496585210166,0.16641225361044443,0.6882333333333334,0.04088500132485425,0.3117666666666667,0.04088500132485425,39.70094299316406,0.10212156160347981,3.161515686192565,0.04126132146999381
1,9,0.744917455892327,0.012639052653209545,0.8358405061086018,0.07670254086526976,0.7215333333333334,0.0215824774605079,0.2784666666666667,0.0215824774605079,39.951342264811196,0.09973532693169686,3.0046907606640256,0.08491699480640813
1,10,0.7082509694196988,0.012677944594564552,0.8816791429519654,0.18660302031524215,0.7064333333333334,0.050319611816202744,0.29356666666666664,0.050319611816202744,40.20153681437174,0.09447998993825732,2.944109020473631,0.0724544972416478
1,11,0.6724441775326433,0.01057112963160922,0.8715175766309101,0.21236182925329303,0.7040333333333333,0.07453149222532268,0.29596666666666666,0.07453149222532268,40.441636403401695,0.09196348280721245,2.8472522057557934,0.04615792940990635
1,12,0.6483876905884381,0.007857416671459054,0.7027005177338917,0.05959663021647436,0.7650333333333333,0.01871719352182192,0.23496666666666666,0.01871719352182192,40.68280792236328,0.08774044896003534,2.8192201925525784,0.042899654891569564
1,13,0.6226440981627528,0.014278607079472698,0.8676873865445455,0.08863750715730037,0.7150333333333333,0.030782679112340682,0.28496666666666665,0.030782679112340682,40.91490809122721,0.07685824770888798,2.7989623607481686,0.07421443887426875
1,14,0.5986794798626213,0.005584255602719114,0.7384308452606202,0.04298993016363995,0.7519333333333332,0.010861552989022,0.24806666666666666,0.010861552989022,41.144362131754555,0.0780619357739888,2.7269318645323,0.047579428617376095
1,15,0.5821950810390564,0.003931966849749015,0.6332830573717753,0.0069449406166389475,0.7875333333333333,0.005159780357082415,0.2124666666666667,0.005159780357082415,41.36630630493164,0.07189945777930597,2.6855426612742828,0.062087559005607335
1,16,0.5588944187961068,0.004551631180721547,0.6573614153226217,0.014578042179878495,0.7808333333333334,0.008500196076169858,0.21916666666666665,0.008500196076169858,41.5798708597819,0.06297858681731189,2.615770538443126,0.026992189093232474
1,17,0.542525874328532,0.007269229442691284,0.6683397706508636,0.07117538105706882,0.7772,0.022650165562308814,0.22280000000000003,0.02265016556230881,41.79082234700521,0.05758155845722633,2.6292501211131447,0.037367653832233186
1,18,0.530323825706708,0.006609973520067344,0.6603340870221456,0.09614179297483372,0.7823333333333333,0.024482714991057124,0.21766666666666667,0.024482714991057124,42.00461069742838,0.048667504256659645,2.627682004031826,0.045655846654068806
1,19,0.5163300890294488,0.002122621603246745,0.6934523386478424,0.03638518192423358,0.774,0.012610709734190218,0.22599999999999998,0.012610709734190218,42.21377944946289,0.051519145748194155,2.5771036127459923,0.04870924695215827
1,20,0.5057341643916372,0.006384106292831447,0.7126983022689819,0.06189707427100581,0.7672,0.025647417023942208,0.23279999999999998,0.025647417023942208,42.419315338134766,0.049829575132440025,2.5869861472706104,0.059925430932260534
1,21,0.4908263685859784,0.0023030447714001423,0.6317683157761892,0.03496078421476326,0.7944999999999999,0.008510581648747606,0.20550000000000002,0.008510581648747606,42.62234242757162,0.05063234536759289,2.5448267322227367,0.01805251953576313
1,22,0.4801975239928929,0.0016193537433586722,0.7446997033437093,0.1904122037120706,0.7711333333333333,0.04120064724410689,0.22886666666666663,0.04120064724410689,42.818912506103516,0.049385055331011604,2.500972383810431,0.0694180529290923
1,23,0.4689803774018422,0.00033915615072232765,0.5407153702418009,0.02738919456611913,0.8181333333333334,0.011367644141744264,0.18186666666666665,0.011367644141744262,43.015716552734375,0.04922477148064567,2.495842215588407,0.007961955648390204
1,24,0.45544570590427363,0.0031437184197900155,0.5855732564449311,0.019826487163194042,0.8090999999999999,0.006708949247087777,0.1909,0.006708949247087778,43.20954895019531,0.053919506294891825,2.458544455863256,0.04118717061342827
1,25,0.4484853976345022,0.0013941458321148424,0.6770526965300242,0.10323609156547887,0.7821333333333333,0.02447617889568006,0.21786666666666668,0.02447617889568006,43.4034309387207,0.054079184779066244,2.470161066978903,0.027434686560801946
1,26,0.4394883982208379,0.005268836254370257,0.5808995178063711,0.042292220691160905,0.8100666666666667,0.007145861273026039,0.18993333333333332,0.007145861273026039,43.59512583414713,0.05319895707918297,2.4715355851188088,0.015622259991302087
1,27,0.4323040366376046,0.002541253669399839,0.580723628838857,0.012299213538229554,0.8077,0.0036097091295560313,0.1923,0.0036097091295560313,43.783738454182945,0.05933237219193916,2.461367498201978,0.01102167542935488
1,28,0.42352263154327,0.004749847523634917,0.5374916310469309,0.023880663053964635,0.8193,0.008316249154516698,0.1807,0.008316249154516698,43.97769292195638,0.059567537195862615,2.4286647082956705,0.01755446348511403
1,29,0.41464461813040093,0.00575051618666501,0.5475511552174886,0.0441113266357256,0.8209000000000001,0.010746162105607754,0.17909999999999995,0.010746162105607754,44.16488901774088,0.058953235512818794,2.4370160099239633,0.03874789825286749
1,30,0.4076000360830767,0.00542490292567031,0.5685212992668153,0.05248530398005595,0.8167666666666668,0.014485279884535686,0.18323333333333333,0.014485279884535686,44.352369944254555,0.06042812034070635,2.415772079116167,0.024603628190441738
1,31,0.3975664921555881,0.0026928619981551184,0.5954991828918458,0.022897040907549536,0.8095,0.0008660254037844074,0.19049999999999997,0.0008660254037844073,44.53386688232422,0.0625655138924704,2.3927970851175266,0.062410110257991216
1,32,0.39343747347974406,0.0006398415549900507,0.5341887921015421,0.037897689687460843,0.8274666666666666,0.010686595965663402,0.17253333333333334,0.010686595965663404,44.719163258870445,0.06666877255698882,2.3992682065249427,0.054741786632824245
1,33,0.38709567973782444,0.0035901740235838985,0.5680763544559478,0.016386250231558142,0.8176333333333333,0.0015502687938977943,0.18236666666666665,0.0015502687938977943,44.90590794881185,0.061999206417977154,2.4188425703607788,0.05006137282115507
1,34,0.37961002766374635,0.00600911736251679,0.5039267470359802,0.013487688447602685,0.8342333333333333,0.005818361739642325,0.16576666666666665,0.005818361739642326,45.089316050211586,0.06139585538669315,2.372764311837253,0.04125509137503033
1,35,0.36950354781144723,0.008743218940430859,0.5295500936826071,0.03519781459036941,0.8304,0.008960468737739095,0.16959999999999997,0.008960468737739095,45.26366297403971,0.05743160180794761,2.3620065061688322,0.01574973475861836
1,36,0.3650110689041865,0.002027252581489278,0.5841530533154806,0.06428403450411133,0.8185333333333333,0.01784862272931254,0.18146666666666667,0.01784862272931254,45.444052378336586,0.05370101530008659,2.3698782915327277,0.04059932859844847
1,37,0.3591370334481949,0.005704200593033003,0.571251482629776,0.08608684334067057,0.8193,0.023169592141425367,0.1807,0.023169592141425367,45.61851247151693,0.05283380506069433,2.349114630796104,0.027421697009396985
1,38,0.35662171425010447,0.005154693494139467,0.5870118782043456,0.06434210949002972,0.8157666666666666,0.010256867618007617,0.18423333333333336,0.010256867618007617,45.79441579182943,0.052940797774268966,2.4026962138660006,0.006129820034127795
1,39,0.3475539072878017,0.00280441819801526,0.5324072462638219,0.020698266121972536,0.8307666666666668,0.005479355193207818,0.16923333333333335,0.005479355193207818,45.971781412760414,0.0614921591469502,2.3681522052463553,0.06210558222911129
1,40,0.34376697514114074,0.007245075247907952,0.507982263469696,0.028834465773742567,0.8369666666666667,0.007574518686578953,0.16303333333333334,0.007574518686578952,46.14649327596029,0.0555925912114973,2.362033152418451,0.0632618560849432
1,41,0.34086961769844254,0.0037545101009316658,0.5500970667997996,0.07051134024610575,0.8254999999999999,0.017567299166348832,0.1745,0.017567299166348832,46.32897694905599,0.05420075211596909,2.3968514851703353,0.030896601756456917
1,42,0.33574175212186114,0.0035045135385893722,0.48596096235911057,0.030360861308784806,0.8430999999999998,0.012285357137665955,0.15690000000000004,0.012285357137665955,46.50082651774088,0.05223350636943363,2.3570121269068105,0.01216511988885971
1,43,0.3292773951477,0.0034009197617319085,0.5191482045014699,0.03095071561999152,0.8349666666666667,0.007030173065674411,0.16503333333333334,0.007030173065674412,46.67486317952474,0.046538139755962486,2.357741519223616,0.03983886892902366
1,44,0.32582462063886525,0.0045577925484404196,0.5219391069730123,0.07266116510699294,0.8365333333333332,0.016483426019287758,0.16346666666666668,0.016483426019287758,46.8501828511556,0.041443070945857134,2.361099289937416,0.0495442678017038
1,45,0.3197671948135763,0.003502164878188951,0.46657312041918436,0.012122569678010594,0.8503666666666666,0.004852147290976797,0.1496333333333333,0.004852147290976797,47.02156194051107,0.0409430882334953,2.325649246342404,0.010306097213005815
1,46,0.31455492378805605,0.004239405422739133,0.48149990318616237,0.024215419957124326,0.8462000000000001,0.0054616847217685985,0.15380000000000002,0.0054616847217685985,47.19121551513672,0.05387968045323501,2.315563329977427,0.10274425291689931
1,47,0.3119614426894566,0.004204125874423364,0.5151247236092885,0.049141045270141716,0.8384,0.013251037695214681,0.1616,0.013251037695214681,47.36066818237305,0.05333475037635094,2.3407011587825384,0.014549824714327054
1,48,0.30351880773304873,0.004508769464629829,0.5033179958820343,0.03924662662849374,0.8428000000000001,0.010828203913853852,0.15719999999999998,0.010828203913853852,47.525421142578125,0.05752063762401419,2.285114200854037,0.05339486356964048
1,49,0.30099980207914384,0.004219517665155673,0.4991235907554626,0.012690425768659929,0.8442666666666666,0.002200757445365911,0.15573333333333336,0.002200757445365911,47.69096120198568,0.055189043052332035,2.3119272803435162,0.06522266137152317
1,50,0.29841202242142706,0.005503625006152726,0.4629723372757435,0.02756829084555902,0.8534666666666667,0.0061370459777757725,0.14653333333333332,0.0061370459777757725,47.856641133626304,0.050728409688889246,2.3214278051388297,0.06865528728829433
2,1,1.99464172749873,0.07158350627039445,1.7374849966049195,0.1649316980418542,0.37176666666666663,0.04202812550344509,0.6282333333333333,0.042028125503445125,37.70523325602213,0.06697287595843256,4.992934065362802,0.7118228019888696
2,2,1.5599501608582713,0.05010096242174872,1.5892869271596275,0.14830091233562762,0.42629999999999996,0.04850855594634827,0.5737,0.04850855594634824,37.97046915690104,0.09839712031044438,2.9914257526143637,0.541641717002989
2,3,1.378719224039551,0.08452421003947226,1.412169996833801,0.22276198718886694,0.49446666666666667,0.07564399072849962,0.5055333333333333,0.07564399072849962,38.26167424519857,0.10928282317663618,3.108651396847836,0.3594039199864589
2,4,1.2050713719919208,0.08848984986012956,1.295794520441691,0.1977067282340906,0.5518666666666666,0.061271962048993746,0.44813333333333333,0.061271962048993746,38.54025395711263,0.12006297467471504,3.0223827513041197,0.13965957949210453
2,5,1.1087411429164558,0.08678008046630689,1.253563197771708,0.23320185008688946,0.5680333333333333,0.07829574275357076,0.43196666666666667,0.07829574275357076,38.828453063964844,0.10835544657541532,3.0691622456175236,0.09358489304147166
2,6,1.0199396331800117,0.06539987286518403,1.0360666272481283,0.05175154457856311,0.6357333333333334,0.015654498820892735,0.3642666666666667,0.015654498820892735,39.10040410359701,0.09838069712575896,2.8573927829472403,0.04786921292831299
2,7,0.9511444948721622,0.05642122140379911,0.9411258010228475,0.06109811423784527,0.6651333333333334,0.024042531757977045,0.33486666666666665,0.024042531757977045,39.360652923583984,0.08974606610744992,2.7402417093280387,0.08489231648957431
2,8,0.8893387346113227,0.04433483345086404,0.9119196926116944,0.03410168145745021,0.6788333333333334,0.016770311068472588,0.32116666666666666,0.016770311068472588,39.60798645019531,0.08791710641726888,2.6377500400601392,0.07893487070621912
2,9,0.8532581399468815,0.04961864147510989,1.196506014442444,0.26276208526293193,0.6268333333333334,0.06114649076875408,0.37316666666666665,0.06114649076875408,39.87212244669596,0.07863006060404713,2.721633846438843,0.09530295474830117
2,10,0.8057378437004837,0.049055626300941395,0.9761992912292481,0.1015898967476736,0.6720666666666667,0.026686575901252944,0.32793333333333335,0.026686575901252944,40.12036641438802,0.07059848082033446,2.6466251518561457,0.060923468139705256
2,11,0.7640145815343605,0.044692999088095056,0.9570298450469972,0.16124337703715824,0.6831999999999999,0.040762605412313836,0.31679999999999997,0.040762605412313836,40.37007268269857,0.0724981749400231,2.6093440435109034,0.06919596620849398
2,12,0.7256931502749954,0.03218056790748394,0.8485729133923848,0.10273817839203571,0.7172333333333333,0.02445942217905678,0.28276666666666667,0.02445942217905678,40.610914866129555,0.0630929121234894,2.5878471157466714,0.03828997786450262
2,13,0.6976111001777324,0.038210803705905766,0.8686039875984192,0.058702184117105004,0.7094666666666667,0.015182336227779123,0.29053333333333337,0.015182336227779123,40.85000991821289,0.06300681106398415,2.599270171829629,0.058849399931682846
2,14,0.6653134500431587,0.027430397812795704,0.7985839198112488,0.11444734795753304,0.7343000000000001,0.030787822267903296,0.2657,0.030787822267903296,41.08399963378906,0.05551970160339481,2.542322039035707,0.04809830416495502
2,15,0.6387751651237078,0.026248697870449457,0.6855100817203521,0.03795539420856427,0.7674666666666669,0.012432752443981725,0.2325333333333333,0.012432752443981726,41.30985005696615,0.0577036410959789,2.5308475920014266,0.01318680660310157
2,16,0.6193080646099438,0.02283865427126412,0.7574847741762797,0.1287409872830024,0.7509333333333333,0.0334313226381089,0.24906666666666666,0.0334313226381089,41.53735097249349,0.05683792117521275,2.526564401865818,0.021987462964685695
2,17,0.5981051975199024,0.015887044535261182,0.7958614734649658,0.04891198837727493,0.7398666666666668,0.015144746063679463,0.2601333333333333,0.015144746063679463,41.757433573404946,0.057603226493379865,2.4917455081290423,0.03512171382747734
2,18,0.5830832415427901,0.020785832768614648,0.6567445300738016,0.043676421479806535,0.779,0.010516178012947448,0.22099999999999997,0.010516178012947448,41.98269780476888,0.057344083162672435,2.4989960985647266,0.06444582809728752
2,19,0.5669999532179252,0.013087047131015815,0.7050314005533854,0.059853599468230094,0.7632,0.018495675170158012,0.2368,0.018495675170158012,42.19746653238932,0.055638346348904154,2.4197476052243236,0.056736645347721125
2,20,0.5522703549746052,0.01693941473456843,0.6811998228073121,0.03865523528223971,0.7744666666666666,0.01371288931382928,0.22553333333333334,0.01371288931382928,42.41394933064779,0.05288827539177528,2.4520484243629963,0.04515368524884985
2,21,0.5398681374665314,0.012262558289716757,0.697235633691152,0.04455132691850366,0.7666333333333334,0.010574655234726725,0.2333666666666667,0.010574655234726725,42.62745157877604,0.059031033147375636,2.4087092060316277,0.04082633334223909
2,22,0.5213705269526134,0.013397190751738314,0.6610981286684672,0.07103385837049556,0.7803333333333334,0.023209983484124532,0.21966666666666668,0.023209983484124532,42.83344523111979,0.06578225456284209,2.3598671567825584,0.062330290075786686
2,23,0.5099930640275114,0.016142221391784218,0.6038682678540548,0.06090496192265429,0.7962333333333333,0.016671032761449857,0.20376666666666665,0.016671032761449857,43.044134775797524,0.06804006908108283,2.3816880021396734,0.015987136404368676
2,24,0.49880099761516544,0.004573527305446661,0.674211904112498,0.12028337577125404,0.7794333333333334,0.033860350460875835,0.2205666666666667,0.033860350460875835,43.24978001912435,0.06418104914048459,2.3434785598506305,0.039559944067363725
2,25,0.4870294845343042,0.0091675206398304,0.635176219701767,0.021060570112996405,0.7887666666666667,0.007446028023942249,0.2112333333333333,0.007446028023942249,43.44817097981771,0.06646776093352681,2.324041585092578,0.03142960956962923
2,26,0.47761722169467147,0.011635202463125655,0.6803193426767985,0.08851992187692471,0.7768333333333333,0.027669718707159514,0.22316666666666665,0.027669718707159514,43.64755630493164,0.06883808364924307,2.3106483216337916,0.07412875624495237
2,27,0.46760765912181174,0.010644749258677432,0.7249758331298829,0.14887476373274694,0.7692666666666667,0.033300200199598395,0.23073333333333335,0.033300200199598395,43.84558359781901,0.06116338662826085,2.28808520341535,0.04213441970663239
2,28,0.45674060337175587,0.008748537438341614,0.638156067276001,0.08533194450151266,0.7916333333333334,0.028581520836605843,0.20836666666666667,0.02858152083660584,44.037087758382164,0.06110070932288518,2.262821948416182,0.037649766374295346
2,29,0.4502814080683675,0.011815664419739781,0.7149527146339416,0.11122302041350793,0.7738333333333335,0.028460733183341122,0.22616666666666665,0.028460733183341125,44.2314084370931,0.06013986522075836,2.267186206416922,0.048107052375306214
2,30,0.4404737177636007,0.008755410362410636,0.5836033184687297,0.08410849253976575,0.8060666666666666,0.02285395662316124,0.19393333333333332,0.02285395662316124,44.42217763264974,0.06417161320999083,2.271705527239672,0.05577757221724542
2,31,0.4298063778816281,0.00655715146399167,0.6028776054700216,0.007528069501672538,0.8046666666666665,0.005687119950672145,0.19533333333333333,0.005687119950672145,44.60928090413412,0.06361980121790568,2.209069728827499,0.05295161504264755
2,32,0.42432588528133514,0.00771681834673202,0.5566519377072652,0.0689712283930967,0.8162666666666666,0.019194877788965795,0.18373333333333333,0.019194877788965795,44.796984354654946,0.0670970564887924,2.252274625308221,0.036262593924647424
2,33,0.4183084827300736,0.006679068663158257,0.5341461290995281,0.029960023251199917,0.8212999999999999,0.008143095234614381,0.1787,0.008143095234614381,44.98508961995443,0.06708850951813809,2.2649871587216577,0.025562927678252544
2,34,0.4114545791934721,0.00917569352289749,0.5386468606472015,0.00972897149203367,0.8211666666666666,0.005680082159030199,0.17883333333333332,0.005680082159030199,45.173056284586586,0.06556540156443776,2.267252103329492,0.055956447034766134
2,35,0.40256810869199033,0.007543275288295924,0.4994457932949066,0.016461512464544793,0.8318333333333333,0.006446963109351042,0.16816666666666666,0.006446963109351042,45.35890579223633,0.06728747296653077,2.2060386724325447,0.0464193418908445
2,36,0.3963984344265752,0.007268050118334207,0.5644940993309021,0.05589721368768062,0.8159333333333333,0.01606123698017475,0.18406666666666663,0.01606123698017475,45.5392214457194,0.06803296321636489,2.209718134560688,0.01844866451499637
2,37,0.3903428164182925,0.0016218337655749607,0.5179273238182067,0.024411247594672166,0.8299333333333333,0.007400225221797895,0.17006666666666667,0.007400225221797895,45.72284062703451,0.06665237068517622,2.2209505102726594,0.05618473725688793
2,38,0.38349572017166417,0.006798841565414159,0.5514080336570739,0.06205808242989428,0.8246333333333333,0.013355273615068077,0.17536666666666664,0.013355273615068077,45.89997227986654,0.05766818755682949,2.2022035733295664,0.08262933707005686
2,39,0.3804390392848191,0.0031739631758286053,0.5521596508502961,0.07177607687083454,0.8235,0.01806848084372346,0.1765,0.01806848084372346,46.086229960123696,0.05611558549840846,2.2291106710469273,0.0159205364674884
2,40,0.37151388561024384,0.009036467391915765,0.5684304259141286,0.033007255441201325,0.8173333333333334,0.010594967358766805,0.18266666666666664,0.010594967358766805,46.2609494527181,0.060572998830798024,2.1720070793457764,0.04502415080515469
2,41,0.364732499597221,0.007189457685056907,0.5417108960469563,0.01890079672646255,0.8269000000000001,0.004821825380496493,0.1731,0.004821825380496493,46.445204416910805,0.056881030405868366,2.2043765591273288,0.030203660903163725
2,42,0.36448314533158443,0.0021184118839175973,0.5267194917996725,0.037124384291158635,0.8306333333333334,0.010346658075597827,0.16936666666666667,0.010346658075597828,46.62612660725912,0.05494132080262464,2.2261303411439406,0.05755437566776864
2,43,0.3528823926600248,0.0054202637453829375,0.5335143524805704,0.010410676479590111,0.8295333333333333,0.0026274195198584408,0.17046666666666668,0.0026274195198584408,46.80020650227865,0.060245157799257716,2.1608225769654728,0.040405042389727586
2,44,0.3507650404380918,0.007688657738939254,0.5062311779181162,0.030698108516361396,0.8391666666666667,0.007769384359994861,0.16083333333333336,0.007769384359994861,46.9750862121582,0.0663691441785039,2.2110324915064195,0.06936450187034597
2,45,0.34354982068420775,0.004455954752518521,0.4856330326557159,0.03887392275529655,0.8408000000000001,0.012174974332621866,0.1592,0.012174974332621866,47.14428965250651,0.0649650594218639,2.1627348804122306,0.015575807775319188
2,46,0.34054122092829536,0.0038945823600088484,0.5002195372581482,0.024669112817454562,0.8408666666666665,0.006033517492585348,0.15913333333333332,0.006033517492585348,47.31725184122721,0.06444679861978235,2.1735259069468054,0.04890114574682595
2,47,0.33532765167245276,0.0022816045183963393,0.6127146606445312,0.2155374982693915,0.8138333333333332,0.05143562319378793,0.1861666666666667,0.05143562319378793,47.48585764567057,0.06158706110141789,2.123197608108919,0.06140744435220003
2,48,0.33260829381498636,0.005265768271421968,0.514462176879247,0.042992952917050506,0.8367333333333334,0.00687337859668253,0.16326666666666667,0.006873378596682529,47.65614573160807,0.05117792368548312,2.1647129819028947,0.04005213490889799
2,49,0.3290319445543785,0.0037533190080844265,0.5424367137908935,0.039340911692686775,0.831,0.011100000000000014,0.16900000000000004,0.011100000000000014,47.83187993367513,0.03975543383050265,2.1877276531411916,0.11482961508199364
2,50,0.323511864446923,0.003983836888985813,0.5049933206558227,0.04122346226848032,0.8395666666666667,0.011651752371782249,0.16043333333333332,0.011651752371782249,47.999472300211586,0.03160478810240776,2.1722352640752547,0.07393537755283285
4,1,2.075946141386886,0.034680186880034145,1.744904724884033,0.08459990148451962,0.3552333333333333,0.0190930179210447,0.6447666666666667,0.01909301792104472,37.70359675089518,0.08206974400168604,3.967489871889184,0.5359244020518072
4,2,1.6318796916792564,0.041164141727857935,1.4970373994191488,0.08977905796132661,0.4458333333333333,0.04009068886079826,0.5541666666666667,0.04009068886079826,37.94628143310547,0.11343766817405217,2.2658717817994503,0.2972307650340036
4,3,1.4638690704579853,0.04738898220287992,1.5025822692871094,0.14647664979181033,0.4698,0.02322132640483743,0.5302,0.02322132640483743,38.21782684326172,0.12902554773628774,2.4870957476797515,0.18459794724521306
4,4,1.315292476947147,0.0473860390682866,1.331596839014689,0.14176535969137355,0.5313666666666667,0.03378702906935341,0.4686333333333333,0.03378702906935337,38.50900395711263,0.13284290093389722,2.6598165924903023,0.16787528519708733
4,5,1.1979998138757821,0.050531928904639395,1.2701595089594522,0.1342511524859869,0.5614333333333333,0.05146594343187864,0.4385666666666667,0.05146594343187864,38.811808268229164,0.12940169852877684,2.676738134354277,0.04578495852662979
4,6,1.0799928047874496,0.03934148579893243,1.109272719637553,0.11995045459429057,0.6076333333333334,0.04717121297288566,0.3923666666666667,0.04717121297288566,39.09239832560221,0.13676171486285074,2.6144696223817117,0.07452068438493807
4,7,1.0089743667348063,0.031173815274057732,1.118592153962453,0.14931702872077496,0.6177,0.03773976682492886,0.38230000000000003,0.03773976682492886,39.37034479777018,0.143863410502035,2.56091919965337,0.056905836825154175
4,8,0.9400000879628375,0.03272756330237931,0.9644696800867717,0.08690542771579705,0.6600333333333334,0.02555079907426254,0.3399666666666667,0.02555079907426254,39.63933817545573,0.14837175594488158,2.524056154097615,0.05132752888794496
4,9,0.8962125175037855,0.030397953231848247,1.0020902615229288,0.12016689480899352,0.6514666666666667,0.03661821040593508,0.3485333333333333,0.03661821040593508,39.91897837320963,0.14148799566508202,2.565638817988101,0.09973390584500959
4,10,0.8374174337354564,0.03344029004367854,1.2317918997446695,0.33839780168367156,0.6187333333333332,0.063672390667646,0.3812666666666667,0.063672390667646,40.184895833333336,0.1355653690259721,2.4683502534593362,0.06741157810051912
4,11,0.7962532653985427,0.03955278137012707,0.8655761382102966,0.11026808463420582,0.7013000000000001,0.03365768857185529,0.2987,0.03365768857185529,40.44460678100586,0.12073719908828119,2.5065213098617085,0.07853001408092494
4,12,0.7571478666196191,0.029394837075977464,0.837926532459259,0.025229141094944913,0.7154000000000001,0.009457272334029477,0.2846,0.009457272334029477,40.70383071899414,0.1174967581795236,2.4740190429871824,0.023184928080975435
4,13,0.7199446384406761,0.02357908976915088,0.8227366374174755,0.040443016561394825,0.7210666666666666,0.0075698965206489706,0.27893333333333337,0.0075698965206489706,40.95064163208008,0.11542414471234554,2.4173932038247585,0.047616640121671015
4,14,0.6903429544083806,0.015782310116772502,0.7934775606791179,0.1149625795537073,0.7324666666666667,0.03177016420060386,0.26753333333333335,0.03177016420060386,41.196781158447266,0.12032408529823206,2.378107748814531,0.05285693460253886
4,15,0.6618350245255441,0.022867777224894022,0.7305087508201599,0.032491536927430856,0.7510333333333333,0.010337472289362331,0.24896666666666667,0.010337472289362331,41.424851735432945,0.11277108464810108,2.330336470911176,0.04999435434691146
4,16,0.6393641077699767,0.01622499831363789,0.699861452960968,0.024705950517983046,0.7601666666666667,0.012239417197454002,0.23983333333333332,0.012239417197454002,41.65965906778971,0.10128390938236925,2.3927288316571347,0.06472532854683469
4,17,0.6138656276063034,0.01645004898144957,0.746239556837082,0.020106398745903375,0.7474666666666666,0.007503554713156521,0.25253333333333333,0.007503554713156521,41.88141759236654,0.10026831183443985,2.279908431751077,0.03616358543507369
4,18,0.60107328212373,0.010261864212629717,0.7236972559452056,0.06365199748219387,0.7568999999999999,0.012882934448331244,0.2431,0.012882934448331244,42.10345967610677,0.09535771384000892,2.30879919575043,0.07956388374293895
4,19,0.5833006358664968,0.014493196554615772,0.714786710802714,0.10454049791474522,0.7601999999999999,0.027886735197939543,0.2398,0.027886735197939546,42.32742182413737,0.09415156085669929,2.2922772304103325,0.026033669613180852
4,20,0.5706067800725106,0.012538127990039734,0.7355186029116313,0.0862292875954521,0.7560333333333333,0.02187700467004874,0.24396666666666667,0.02187700467004874,42.54291661580404,0.08648961465253131,2.240078534799146,0.06161516721062272
4,21,0.5552326778977322,0.01057002128682676,0.6144861656665802,0.014724659418655719,0.7929,0.007163099887618518,0.20709999999999998,0.007163099887618518,42.7632090250651,0.07666980441364885,2.2495001036648374,0.05203414973150233
4,22,0.5388233289186098,0.011979878897717336,0.6501931669871012,0.06848072545291603,0.7852666666666668,0.02115900123666838,0.2147333333333333,0.02115900123666838,42.97110112508138,0.07636643269084349,2.2100196384014175,0.04697716048702617
4,23,0.5258840673110065,0.008420268300807466,0.6496910656929016,0.09408576589006494,0.7825666666666667,0.02814699510308932,0.21743333333333334,0.02814699510308932,43.17871856689453,0.07688603591205706,2.170193126569649,0.059131658972924134
4,24,0.5141222621778697,0.006506688024016331,0.6983589966773986,0.1170768679149551,0.7751666666666667,0.034180452503343665,0.22483333333333333,0.034180452503343665,43.38227208455404,0.0776737182637845,2.154822240435127,0.04266915450831437
4,25,0.5013413087664155,0.006847823394096832,0.7011875150680541,0.09908648463590074,0.7728,0.020543612145871495,0.22720000000000004,0.020543612145871498,43.580117543538414,0.07331423318776631,2.1478430014437113,0.048301917095455386
4,26,0.4936826278130823,0.00787221486156533,0.6367493481794994,0.08139816219217345,0.7888000000000001,0.022609953560323796,0.21120000000000003,0.0226099535603238,43.77772903442383,0.0655990937813572,2.132719025225438,0.06940173857116474
4,27,0.4844813578065805,0.007672023129869317,0.6208312494834264,0.07091513605522747,0.7960666666666668,0.0175756460289041,0.20393333333333333,0.017575646028904098,43.97935231526693,0.06533551181165051,2.1464092854191272,0.024055372817088513
4,28,0.4781599502124445,0.00812293980387788,0.5984684632778169,0.06476716447927217,0.8031,0.01841303885837422,0.1969,0.01841303885837422,44.18515268961588,0.06265990008962054,2.132393002175017,0.029437118006972705
4,29,0.4659864778256477,0.005201601018466663,0.6050402232170105,0.10957334201511579,0.8034333333333333,0.030973268044126867,0.19656666666666667,0.030973268044126867,44.38101323445638,0.060549416836392186,2.1315758912986857,0.027312616253104046
4,30,0.4627195471692878,0.007329814795953097,0.5804082651456196,0.012576284159420295,0.8082333333333332,0.006106826781015921,0.19176666666666667,0.006106826781015921,44.58302561442057,0.05384124348119674,2.135515150701419,0.048571708783733306
4,31,0.44697398236950336,0.0035208367166360633,0.5884968774477641,0.016160867875569414,0.8064666666666667,0.004562163229580177,0.1935333333333333,0.004562163229580176,44.7708371480306,0.056851259524322025,2.080572389737915,0.0433758089517267
4,32,0.44143502609859847,0.008229086242531483,0.587552311182022,0.04088627954002595,0.8039666666666667,0.013858691616936031,0.19603333333333336,0.013858691616936031,44.96111170450846,0.060626700573922464,2.087938656231733,0.046268522025150326
4,33,0.4305098308829904,0.005745367057707182,0.644655684153239,0.04662235891412767,0.7939666666666666,0.009407621024113017,0.20603333333333332,0.009407621024113017,45.14686584472656,0.056915407461894926,2.0507966977451235,0.04677417055619696
4,34,0.42383363534270035,0.003953659462949782,0.5682171004136404,0.09471755689453294,0.8177333333333333,0.020279628530457224,0.1822666666666667,0.020279628530457224,45.33158620198568,0.06747575651626848,2.048433207235881,0.03348991521562746
4,35,0.41682297662091067,0.011286031624458777,0.610680886888504,0.08047893013094254,0.8048000000000001,0.023960801322159535,0.1952,0.023960801322159535,45.519273122151695,0.06109482284604785,2.0801043185260135,0.09744872948366662
4,36,0.4089514435684183,0.007050720353789328,0.5388864660580953,0.021202703141841063,0.8238333333333333,0.005762233363317826,0.17616666666666667,0.005762233363317826,45.70247014363607,0.06423432611709969,2.041423393824699,0.03315728291187536
4,37,0.406013764472772,0.0044776920023824746,0.569476466290156,0.018636926619160322,0.8150333333333334,0.006515622252197657,0.18496666666666664,0.006515622252197658,45.8831901550293,0.05977234659914454,2.0641159004446847,0.0470275898022608
4,38,0.402473417821341,0.005249142039602244,0.48808665006955465,0.00822312509827112,0.8367,0.002107130750570537,0.1633,0.002107130750570537,46.06805674235026,0.0537271525731165,2.0663242132624475,0.0914125109020737
4,39,0.3914555750107623,0.0050299179865720455,0.5198537444114685,0.05455897183650358,0.8311333333333333,0.017526075811011836,0.1688666666666667,0.017526075811011836,46.243203481038414,0.049643001844413816,1.9928215544699404,0.06773930956887318
4,40,0.3878861509219053,0.011256039624209846,0.5523392245928447,0.024288554606989653,0.8218,0.00871263450398333,0.1782,0.00871263450398333,46.422306060791016,0.04522185369765534,2.0266743186696132,0.0075339539678431966
4,41,0.38110302948890745,0.0048972646876447624,0.5091216356515885,0.019741828067379924,0.8328333333333333,0.004697162263892237,0.16716666666666669,0.004697162263892237,46.60034306844076,0.04897691235597926,2.007448329871325,0.06534925759301248
4,42,0.3766952280244153,0.003469254061025203,0.5280875367482504,0.044076197041680996,0.8294333333333334,0.01120728929462131,0.17056666666666667,0.01120728929462131,46.78042348225912,0.046414521526908,2.0140681067475286,0.03712279668613042
4,43,0.37206512022658683,0.003323938528599664,0.537317207924525,0.03467948255466528,0.8264,0.009199456505685558,0.1736,0.009199456505685558,46.95398712158203,0.04264023880067929,2.0304795917939753,0.04641688354774026
4,44,0.36328512562307047,0.00341262917915333,0.5089891790628432,0.064086261433775,0.8362333333333334,0.01763415246994686,0.16376666666666664,0.01763415246994686,47.12155532836914,0.05047878770672819,1.9779048658707332,0.06297370565439908
4,45,0.36098409757234046,0.0065653775573968325,0.47653806055386866,0.02091200814094504,0.8427333333333333,0.005424327915358136,0.15726666666666667,0.005424327915358136,47.294227600097656,0.05215465304015011,1.9965854523781266,0.04728574545642394
4,46,0.353442959138093,0.0020956160369713425,0.5276419122854868,0.04884030542275697,0.8347333333333333,0.009965105786359401,0.1652666666666667,0.009965105786359401,47.465413411458336,0.050251016250254674,2.0117998886940796,0.028481152008901122
4,47,0.35013150169060764,0.004520645374801476,0.48701521075566606,0.03729201386841574,0.8387666666666668,0.01527754343254608,0.16123333333333334,0.015277543432546082,47.63446299235026,0.05484272361079489,2.038003814123247,0.043479328103598384
4,48,0.34735961480722,0.006301881644030363,0.5693024824937184,0.06203901073211379,0.8203333333333332,0.017110328264920364,0.17966666666666667,0.017110328264920364,47.8075065612793,0.062251572718485956,2.019322331265514,0.09716846627893554
4,49,0.34208658816513604,0.00214663137913851,0.5020328923861186,0.04496512474382252,0.8380666666666667,0.015346769475473745,0.16193333333333335,0.015346769475473745,47.9775276184082,0.06396062066700933,2.004224666598343,0.045563184330756956
4,50,0.3418491320384433,0.004192009368409027,0.5014172707239787,0.06207649114993773,0.8422666666666666,0.01563084557320344,0.15773333333333336,0.01563084557320344,48.148694356282554,0.06618021069163217,2.0320458767113085,0.05334878118650973
8,1,2.31101208645771,0.18197597748421637,1.86765426902771,0.2609577263634199,0.3145,0.07693549245959241,0.6854999999999999,0.07693549245959243,38.0520133972168,0.47069412906447433,5.436204441475605,2.570384568447902
8,2,1.7748115360482777,0.1134659056215936,1.6399785163879395,0.1274137756798553,0.37933333333333336,0.06340357508321855,0.6206666666666666,0.0634035750832185,38.24748229980469,0.41636836119046705,1.4584263767078456,0.4724511484894931
8,3,1.6272751818532527,0.07941139745051315,1.6713657640457154,0.1946865887047095,0.3977333333333333,0.05324437372467943,0.6022666666666666,0.053244373724679446,38.486897786458336,0.3608699954301889,1.7132399394303937,0.43125000145595227
8,4,1.4805124776544272,0.1123811068162967,1.4099828219095867,0.12488130240636303,0.47636666666666666,0.055625923213312424,0.5236333333333333,0.055625923213312424,38.732808430989586,0.3074004739271916,1.7831805525990703,0.36295284246357923
8,5,1.3672061315582844,0.14755478464830937,1.3140445994059244,0.17824261890326953,0.5255,0.06716784945195138,0.4745,0.06716784945195141,38.9864501953125,0.27309002119797876,1.9302419966518665,0.36734799715842226
8,6,1.2605376083019546,0.1454518964255309,1.4423756628672282,0.11159961900951694,0.4958333333333333,0.048809459465695086,0.5041666666666668,0.048809459465695114,39.24769719441732,0.23818243109531193,2.1002526903995022,0.41730112444272577
8,7,1.2064997812976006,0.1412551826570348,1.197203469467163,0.14145202803531767,0.5673,0.06048280747452123,0.43270000000000003,0.06048280747452123,39.54943339029948,0.1995448045964269,2.1759942955681253,0.25004445364542816
8,8,1.096678744090081,0.12241815383090976,1.1582516364097595,0.21218202504317074,0.5933,0.06565462664580467,0.4067,0.06565462664580467,39.82277297973633,0.17620193541409776,2.1360040481765226,0.17916387476805257
8,9,1.0251162132440423,0.1138487424338529,1.1208940068562825,0.16369488469523422,0.6109,0.056914936528120616,0.3891,0.056914936528120616,40.081984202067055,0.16391248663397517,2.148284011640334,0.11054942781904144
8,10,0.9750134001302596,0.09250907679512377,1.0207509055137634,0.10554906753809903,0.6452666666666667,0.03233176972164272,0.35473333333333334,0.03233176972164272,40.35589472452799,0.15572324603600837,2.2613841035043643,0.06821831651553915
8,11,0.9196648224235494,0.09858345651637188,1.071652737490336,0.28707406072928915,0.6239666666666667,0.1005884850931424,0.3760333333333333,0.1005884850931424,40.62615839640299,0.16795944887661093,2.2293632820594773,0.0881944028370813
8,12,0.8685602773384263,0.08714175255452186,0.9860751795450846,0.09078680979421691,0.6644333333333333,0.034338074106352166,0.3355666666666666,0.034338074106352166,40.886041005452476,0.1735315784205556,2.1000166139124756,0.13812416139310377
8,13,0.8190428554147914,0.06418815456018963,0.9509317645390828,0.20310596078474982,0.6815666666666665,0.05263405108229209,0.31843333333333335,0.05263405108229209,41.131490071614586,0.17296893741426167,2.127741395684002,0.04999735159138144
8,14,0.7875378978171109,0.05078366741067451,0.8233714030265809,0.08799400761509271,0.7157333333333334,0.0276380775983666,0.2842666666666666,0.0276380775983666,41.3867301940918,0.16267306258071526,2.1420609209327646,0.0724239759190061
8,15,0.7410687088509045,0.060413551749191004,0.8443387233893077,0.028039004031465947,0.7126333333333333,0.005253887449625634,0.28736666666666666,0.005253887449625634,41.61760457356771,0.16213820700580336,2.0931106555797254,0.10589203178203027
8,16,0.7213046953196415,0.04172758149154045,0.9707714556058248,0.3632696596848341,0.6932666666666667,0.08502719172907769,0.30673333333333336,0.08502719172907769,41.85789362589518,0.15584124693400883,2.147031341524571,0.08150894746881428
8,17,0.6913420422302793,0.04633241331824572,0.8954106823603313,0.16674937727740194,0.7052999999999999,0.033057676869374865,0.2947,0.033057676869374865,42.087921142578125,0.14344270239538054,2.0641729506455166,0.09183309058822
8,18,0.6767575123425944,0.04120144801332184,0.7859260632197063,0.09100939945041721,0.7281333333333334,0.0334509093050299,0.27186666666666665,0.033450909305029905,42.324727376302086,0.14419579482353226,2.0803060231465156,0.024690299485321032
8,19,0.6473954969354908,0.040840676209841206,0.6764770044644673,0.03723651712862083,0.7711,0.013979628035108837,0.2289,0.013979628035108837,42.54675801595052,0.1489746299119994,2.0627996921348752,0.012457516701380603
8,20,0.6271190283040359,0.039099254686831904,0.8162546137015024,0.14887855310568426,0.7320000000000001,0.040925664319592915,0.26799999999999996,0.040925664319592915,42.762203216552734,0.1436786266110567,2.00003980399639,0.11216265161468558
8,21,0.6156699622886768,0.030236659526076664,0.6974190869013469,0.029660351616511333,0.7648,0.006409368143584826,0.2352,0.006409368143584826,42.98016230265299,0.14114445667285375,2.0327509235660566,0.04698073896080771
8,22,0.593047213854184,0.03629128447525277,0.9167531879425049,0.06407665524448128,0.7012999999999999,0.015830034744118534,0.2987,0.015830034744118534,43.18796157836914,0.14272154813692997,1.9859131841562236,0.10099286800663351
8,23,0.5801939359609631,0.0234752293670661,0.7164929564317067,0.11527742104119047,0.7625333333333334,0.03309113677910345,0.23746666666666663,0.03309113677910345,43.39913686116537,0.13558479253410063,1.996619944680619,0.048432560443925216
8,24,0.5654004621434598,0.025908036259788696,0.7130788132508595,0.09293730512222556,0.7643999999999999,0.026505093850050773,0.2356,0.026505093850050773,43.605761210123696,0.12041286062287541,2.0162320587250506,0.03399279480019513
8,25,0.549662210828508,0.026095347346094935,0.7799705518563588,0.19288149096241342,0.7498333333333332,0.05298087705326641,0.25016666666666665,0.05298087705326641,43.803670247395836,0.121705901067427,1.9667247618474732,0.053900676198096
8,26,0.5387706700950633,0.028212878743160728,0.679036502345403,0.05450514484548227,0.7756666666666666,0.01478862175232479,0.22433333333333336,0.01478862175232479,44.00422032674154,0.12434075578623235,1.9492973072060524,0.07631607296764858
8,27,0.5280167971120772,0.023970353927317868,0.6192103825410208,0.04152277184074695,0.7941333333333334,0.013853639714289259,0.20586666666666667,0.013853639714289259,44.2013308207194,0.12285351037271956,1.9643878725477242,0.03144317042301146
8,28,0.5196835732520998,0.025010739303834392,0.5902053773085276,0.03301594726135176,0.8019666666666666,0.01010263991901785,0.1980333333333333,0.01010263991901785,44.405029296875,0.12416314431846541,1.9848862592311924,0.031212062373546404
8,29,0.5076001758821378,0.017627826479471087,0.6835174827893574,0.19361100219500055,0.7792666666666666,0.05177164603654527,0.22073333333333334,0.05177164603654527,44.59941482543945,0.11817383682646017,1.9544810190850843,0.04856267993825655
8,30,0.500279219736935,0.027995957412817084,0.6152732050577799,0.04453150825666216,0.7977333333333334,0.014411569426448058,0.20226666666666668,0.014411569426448058,44.79802703857422,0.11974791596766325,1.9567705225270917,0.077059396383255
8,31,0.48768948703267484,0.017269142023421894,0.5858938502470652,0.01340518454631851,0.8029666666666667,0.0019008769905843918,0.19703333333333337,0.0019008769905843918,44.98777770996094,0.11588504588806962,1.930424996863698,0.04997813065100093
8,32,0.48269572249357245,0.01820367302813558,0.6219808549880982,0.05342256324259413,0.7961999999999999,0.01635756705625869,0.20379999999999998,0.01635756705625869,45.18504333496094,0.11298414016846398,1.9586615714499407,0.12184076665339787
8,33,0.47152579679310275,0.022511145021195233,0.5875531863371531,0.04269138711513042,0.8072333333333334,0.010902446208687874,0.19276666666666667,0.010902446208687874,45.37732696533203,0.11163533664096287,1.9299307203409402,0.008703008884187761
8,34,0.45822402621474106,0.020052831006929478,0.5872733814875285,0.07090300113470682,0.8055333333333333,0.01925988923471094,0.19446666666666665,0.01925988923471094,45.55875015258789,0.11216319600180386,1.8837305589039943,0.06245057537911972
8,35,0.45447258660148987,0.020342494222406037,0.5667420674641926,0.03272990507137694,0.8114333333333333,0.009135826910210844,0.18856666666666666,0.009135826910210844,45.745766957600914,0.10593831005241384,1.9146797899188568,0.016503336759077787
8,36,0.4418438646596208,0.01772740411094153,0.5955493330478668,0.0404097413175912,0.8061333333333334,0.008078572481158654,0.19386666666666666,0.008078572481158654,45.92763010660807,0.10195175258334985,1.9008937722408648,0.04017843820547779
8,37,0.440672551947888,0.011736439177029713,0.5400410651365917,0.03148748967288429,0.8209333333333334,0.010302588671461792,0.17906666666666668,0.010302588671461792,46.110955556233726,0.08766974547369959,1.8876173198238995,0.06855900015048236
8,38,0.43697609699697243,0.01582240127322926,0.6011537289937338,0.07102203293838612,0.8057,0.014831385639919105,0.1943,0.014831385639919105,46.29688390096029,0.09123270473123458,1.9154159457764992,0.07657646505990656
8,39,0.42158078636659685,0.014032335261832899,0.5293387418111165,0.012398870153779076,0.8277,0.0014000000000000362,0.1723,0.0014000000000000362,46.474761962890625,0.08275973576494829,1.8475097324024292,0.04553017683168973
8,40,0.42115308978266935,0.01575592699326256,0.6331325276056926,0.1410023230434037,0.8000666666666666,0.03189566323708186,0.19993333333333332,0.03189566323708186,46.65340932210287,0.08029970928615886,1.8928071375609157,0.022658865012814007
8,41,0.4109359079970322,0.015106026041382134,0.514497815767924,0.03796072412264656,0.8308333333333334,0.014019391332484175,0.16916666666666666,0.014019391332484175,46.83155186971029,0.08413074875982263,1.8781376637189702,0.07564136041461428
8,42,0.41150046071992,0.01102726516571655,0.6498433273792267,0.16706969805419378,0.7955,0.04565928164130486,0.2045,0.04565928164130486,47.012734731038414,0.07411935154753546,1.919976125753946,0.058021823458518404
8,43,0.40111278288403024,0.01649863704785675,0.5488147000312805,0.04565311864236667,0.8217333333333334,0.010563301251660554,0.17826666666666668,0.010563301251660556,47.193260192871094,0.07523087171253597,1.8544052100120287,0.04949461914374118
8,44,0.3927755571031611,0.014518641396214184,0.5538529402335485,0.08843764558092035,0.8210666666666667,0.025091897762690874,0.17893333333333336,0.025091897762690874,47.36597696940104,0.07746382912859809,1.8541609163380974,0.10163584936394786
8,45,0.3873293587567963,0.01300054115967263,0.5103879435698191,0.025412612609186182,0.8338666666666666,0.011229574049505812,0.16613333333333333,0.011229574049505812,47.538857777913414,0.07785172886786013,1.87890849502492,0.04306880166764695
8,46,0.3828302112178526,0.013718956274188175,0.5863171085079512,0.06487066606575782,0.8159666666666666,0.01939725066429085,0.18403333333333335,0.01939725066429085,47.70822016398112,0.07519104409927249,1.8749938816203713,0.06300889940463299
8,47,0.3807399383565857,0.01373808789683728,0.5132945797284444,0.05343031839606541,0.8306666666666667,0.01766701257522998,0.1693333333333333,0.01766701257522998,47.88363265991211,0.06995883996729554,1.8812329241853505,0.07559675727440558
8,48,0.37247960518439,0.01108734286858594,0.5042942837874095,0.017650578311529875,0.8345666666666668,0.005658032638058286,0.16543333333333332,0.005658032638058286,48.05048497517904,0.07264295384053145,1.8303562726592049,0.06239742436843587
8,49,0.3706794341252791,0.010799524506246683,0.5047268881003062,0.04029381705750472,0.8339666666666666,0.00930877722009362,0.16603333333333334,0.00930877722009362,48.22150802612305,0.06300712493486896,1.8805099070208737,0.06157874992664834
8,50,0.36548560950508097,0.011085159815363456,0.5789924352645873,0.05267536353122109,0.8184999999999999,0.01551644289133305,0.1815,0.01551644289133305,48.392154693603516,0.06120091056433162,1.8668327860951817,0.08443560480116656
10,1,2.4201358976469827,0.16785378065073503,1.9345563590367636,0.10784493772916592,0.27053333333333335,0.04337076588363796,0.7294666666666666,0.04337076588363796,38.65899149576823,1.2313347652964224,6.893589573292371,4.4967929421939035
10,2,1.8558804903493817,0.1371328266963034,1.8275027010599771,0.18746253399667315,0.3184666666666667,0.07355829887465679,0.6815333333333333,0.07355829887465679,38.80985895792643,1.1656936309712977,1.0774037882417498,0.5088726111498428
10,3,1.7144768901696494,0.16369081801881982,1.723231946182251,0.12847329091320622,0.3614,0.06100393429935483,0.6386,0.061003934299354884,39.007164001464844,1.108024140342439,1.3236094657182838,0.4688181020957072
10,4,1.5710091309372627,0.17071804012860156,1.5861553127924601,0.10965290482566752,0.4127,0.05675059471054027,0.5873,0.056750594710540274,39.2231559753418,1.0672528371424894,1.4018653364366163,0.3403966278889371
10,5,1.4630234753689193,0.16663523560968194,1.4098323460261026,0.1402999687427353,0.4829666666666666,0.05741831879577572,0.5170333333333333,0.05741831879577575,39.45597457885742,1.0110213414547389,1.6394703454756432,0.44924364289598745
10,6,1.3593701694830809,0.17734489260835004,1.4990126825968424,0.3044762076847583,0.4745333333333333,0.08580567191819742,0.5254666666666666,0.08580567191819742,39.69739278157552,0.9618702429682888,1.7711447009226056,0.465973322108197
10,7,1.2911649966280583,0.1752636047565718,1.265084937095642,0.13091997407016395,0.545,0.05478247895084704,0.4549999999999999,0.05478247895084702,39.954046885172524,0.8898049834584075,1.7764097039825193,0.4541877128240085
10,8,1.1997702401718928,0.1912199634967057,1.2108980321248373,0.148667198876461,0.5650666666666667,0.05630011841313772,0.43493333333333334,0.05630011841313772,40.19838205973307,0.8480187340245586,1.8687658541449181,0.31168598266254116
10,9,1.137063655910183,0.19250245795078866,1.2688309748967488,0.08964724523693109,0.5565666666666668,0.04964738999517828,0.44343333333333335,0.04964738999517828,40.44850413004557,0.8218426869348302,1.941473462348145,0.25425882861486115
10,10,1.0859730068375082,0.1733206565534179,1.1621076585451762,0.09211957514004608,0.5943666666666667,0.04252697183357091,0.4056333333333333,0.04252697183357091,40.713409423828125,0.7951440945297683,1.9735881589362612,0.2539174382652709
10,11,1.027302668222686,0.1782093152521202,1.1119976700782777,0.23840907716808657,0.6116,0.09508901093186317,0.3884,0.09508901093186317,40.97059631347656,0.7938830218004951,1.971854661304729,0.12261683096566418
10,12,0.9783060528331603,0.15494280336579214,1.0438320579846698,0.1372385116717287,0.6378333333333334,0.05361355549982984,0.3621666666666667,0.05361355549982984,41.23184331258138,0.7727406970052415,1.978215545447637,0.2530580428080349
10,13,0.9181526404410881,0.14401314106058777,0.990415009466807,0.05102363727971064,0.6535666666666667,0.026750015576319456,0.3464333333333333,0.026750015576319456,41.4757080078125,0.7525073253647298,1.9720548839345637,0.15560417362665388
10,14,0.8740957558714012,0.1359570252631699,0.9804053775469462,0.13115007357909525,0.6642333333333332,0.04935679622233735,0.3357666666666667,0.04935679622233735,41.718308766682945,0.7423856378337153,1.9691065581894946,0.13786471201911002
10,15,0.8315224088569634,0.1342279415555707,0.8638730512301128,0.10706796562875316,0.6988666666666666,0.045261941334120114,0.3011333333333333,0.045261941334120114,41.953067779541016,0.7348392737802174,2.019667527513723,0.08645925383736394
10,16,0.7942184131316212,0.11936801199341161,0.8803168343861897,0.18100246590284375,0.6975333333333333,0.06140768138704908,0.30246666666666666,0.06140768138704908,42.18794631958008,0.724087423105176,2.0251675061897423,0.08486586080118565
10,17,0.7620299269222136,0.11477736022503802,0.8314103669166565,0.10709058488621895,0.7165666666666666,0.04162803542485921,0.28343333333333337,0.04162803542485921,42.42006047566732,0.7202738769059656,2.020446660837122,0.049521632881548074
10,18,0.7443850117418772,0.09745511257092025,0.8337277916908264,0.16272309448279054,0.7205333333333334,0.0513444576690935,0.2794666666666667,0.05134445766909349,42.6606699625651,0.7135208998209404,2.039367822601515,0.054896064271660064
10,19,0.7125071530553487,0.08821551702751688,0.7659121075630188,0.04729542821407435,0.7401,0.023715185008766026,0.25989999999999996,0.023715185008766026,42.88732020060221,0.7112862752587673,1.9808406826261136,0.05106823729077953
10,20,0.6817722469441218,0.08172233644583689,0.7864343032836915,0.08587722213956721,0.7355999999999999,0.03192569498068918,0.2644,0.03192569498068918,43.101820627848305,0.7136856773861256,1.9646290303958232,0.05137896870771983
10,21,0.669620150901879,0.0737302904620801,0.6858735107739767,0.06989914901435867,0.7637333333333333,0.02310461714318878,0.2362666666666667,0.023104617143188785,43.322034200032554,0.7070196655420555,1.985113653821993,0.048018550707414995
10,22,0.6401421643177465,0.07509988964460251,0.8436986137072245,0.05739236668619737,0.7204666666666667,0.01737651672037104,0.27953333333333336,0.01737651672037104,43.535091400146484,0.7094618117727088,1.9290375794075232,0.02802392466050233
10,23,0.6221730714157313,0.06747635021769748,0.6889175431569418,0.08278568533001991,0.7651,0.030732230638207833,0.2349,0.030732230638207833,43.74108632405599,0.7118528157897325,1.9314265431167728,0.004357504282449246
10,24,0.6071277224194364,0.05669095029627561,0.7557915369351704,0.03955229009614131,0.7494000000000001,0.01602778836895471,0.2506,0.01602778836895471,43.95088322957357,0.6983784846465243,1.9343792356182294,0.03561941641213174
10,25,0.5909474833796193,0.05806865233123247,0.7551302989323934,0.10926159660871461,0.7504333333333334,0.03291387751896353,0.24956666666666663,0.032913877518963526,44.152557373046875,0.700747002040319,1.9170854847174763,0.004188694219609445
10,26,0.5758775801660664,0.05460418126842863,0.6743384056727092,0.09245920990642836,0.7773333333333333,0.025935753957294794,0.22266666666666665,0.025935753957294794,44.355908711751304,0.697467135613727,1.9106609429568626,0.007994201221579867
10,27,0.5660575585851076,0.05475169324278996,0.713167295964559,0.11482715718989363,0.7646333333333333,0.03823667523900756,0.23536666666666664,0.03823667523900756,44.556575775146484,0.6917731981961825,1.9218824094166156,0.05223801237752127
10,28,0.5546349556600549,0.05071406921872184,0.6093112419446309,0.055847229691898544,0.7936333333333333,0.01902638518829403,0.20636666666666667,0.01902638518829403,44.75506846110026,0.6908945861717974,1.8800124105062885,0.026277714741748084
10,29,0.5430135500044876,0.05371953192228269,0.7049035234292349,0.23679014411380214,0.7746,0.065850816243992,0.22540000000000002,0.065850816243992,44.956251780192055,0.6934305038844577,1.9177209416853753,0.0441185330740468
10,30,0.5332148171396004,0.04629911789400766,0.6448517782211304,0.034776090553150424,0.7848666666666667,0.011126694627486347,0.2151333333333333,0.011126694627486347,45.15215301513672,0.6865181301331145,1.8579659929780092,0.07821982317988443
10,31,0.520793479548899,0.04271527242431498,0.6035914402802786,0.04051604662029789,0.7986,0.015391231269784787,0.2014,0.015391231269784787,45.34481684366862,0.675701623261655,1.8937032161310683,0.09060618879203687
10,32,0.509633492579952,0.03926684041813231,0.6217396998723349,0.05451356035814248,0.7953000000000001,0.01561665777303198,0.20469999999999997,0.01561665777303198,45.5320192972819,0.6695296215568436,1.8487125554571415,0.031216348079869793
10,33,0.49935232885404207,0.0385829483905938,0.6010031217892965,0.0163966450013204,0.7988666666666667,0.00434319390924849,0.2011333333333333,0.00434319390924849,45.7223269144694,0.6633423119075736,1.848286843957111,0.035211982835079036
10,34,0.4934484544515813,0.03579568783753925,0.6137526298999786,0.08764922211561756,0.7974666666666667,0.026880166170121275,0.20253333333333332,0.02688016617012128,45.91334660847982,0.6571256590397163,1.8678949432890584,0.029568700414067187
10,35,0.4801143374284515,0.042459199152563194,0.5812688959280649,0.038170185260791314,0.8074,0.008574963556773887,0.1926,0.008574963556773887,46.095191955566406,0.6521374972465759,1.8347221622981913,0.08805620899151916
10,36,0.47174827139649955,0.03440901480901381,0.5577843100070954,0.0221796964037878,0.8149333333333333,0.009912281943797488,0.18506666666666668,0.009912281943797488,46.274462381998696,0.6452348700032382,1.8464105189392839,0.046483203667782524
10,37,0.4654424461104985,0.035495127725492195,0.5865015128135681,0.026067041055084682,0.8065333333333333,0.007939983207370983,0.19346666666666668,0.007939983207370983,46.46187973022461,0.6422977394126501,1.869379261133832,0.041200099553545165
10,38,0.46043378527562845,0.033760449916424705,0.6379261858304343,0.05957201425531087,0.7936333333333333,0.015717612202027817,0.20636666666666667,0.015717612202027817,46.6452891031901,0.6371111648495643,1.8677997597987872,0.03292169239154826
10,39,0.4518305890624175,0.04298922654743569,0.5813726157347361,0.06650344520271538,0.8118666666666666,0.016773888438085336,0.18813333333333337,0.016773888438085336,46.827392578125,0.6375322361256321,1.8358977592104804,0.03314670862850018
10,40,0.44267240264480784,0.03993010682956914,0.5833865108807882,0.04418207252413024,0.8083666666666667,0.01998507776650699,0.19163333333333332,0.01998507776650699,47.000895182291664,0.636042460699771,1.8034999748629987,0.05387666825095058
10,41,0.4376969013271023,0.03298670857221158,0.5845064828157426,0.11570186953992286,0.8117,0.03463581960918493,0.1883,0.03463581960918493,47.174729665120445,0.629368082720776,1.7912238788070873,0.0681831080345734
10,42,0.43661488253442227,0.034258886695958786,0.5427223689238231,0.02129966486984041,0.8204000000000001,0.012669254121691639,0.17959999999999998,0.012669254121691639,47.362656911214195,0.6237963064478689,1.898720273017591,0.0830236280313981
10,43,0.42393255705063093,0.03111425018519402,0.5628471217393874,0.0654747958957067,0.8171,0.016889049706836655,0.18289999999999998,0.016889049706836655,47.54060490926107,0.6133846426290083,1.8004649286313208,0.11884352140469531
10,44,0.41757088405447745,0.037285708964615624,0.5453167951742808,0.038771971536357246,0.8222333333333333,0.012090216430375946,0.17776666666666666,0.012090216430375946,47.71437327067057,0.6176835562068395,1.824757309323248,0.04490567091638691
10,45,0.4133653954141483,0.032435078204476706,0.5371018971920013,0.03927237704352077,0.8241999999999999,0.016205863136531762,0.17580000000000004,0.016205863136531762,47.88572565714518,0.615640323878069,1.8631798019196015,0.052848124574930974
10,46,0.4061750838976077,0.03538132598324573,0.5333744235754013,0.03536108000198736,0.8271333333333334,0.012643311802424785,0.17286666666666664,0.012643311802424785,48.058892567952476,0.6158337952374914,1.8238692495373268,0.03930535070184429
10,47,0.39708967646623616,0.026496322043976537,0.5209449270566305,0.0464727903362621,0.8287,0.01428705707974879,0.1713,0.01428705707974879,48.226846059163414,0.60803179454335,1.8042960660810003,0.10081937847160999
10,48,0.39333706827419795,0.0233160606051963,0.5373304684638978,0.014934099855310181,0.8250000000000001,0.005408326913196019,0.17500000000000002,0.005408326913196019,48.394090016682945,0.5971220972217066,1.8048068086520626,0.08484743753716004
10,49,0.39217562638127895,0.021024908617336916,0.5323049439271291,0.006238670194224138,0.8247333333333332,0.0017616280348964834,0.17526666666666665,0.0017616280348964834,48.56839370727539,0.5844972427359824,1.8439266627586155,0.08780639745408854
10,50,0.3860207141487393,0.02586514765589978,0.5252672703742981,0.06091511329256844,0.8294666666666667,0.01856888077761642,0.17053333333333331,0.01856888077761642,48.736106872558594,0.5757231490338033,1.8126702252410205,0.04708748462582622
