tau,epoch,mean_train_loss,std_train_loss,mean_test_loss,std_test_loss,mean_test_acc,std_test_acc,mean_test_error,std_test_error,mean_weight_norm,std_weight_norm
0,1,1.6662872217703555,0.015553338353578191,1.9093080763498944,0.16147030658411762,0.37789999999999996,0.019120930939679672,0.6221,0.019120930939679683,37.55500157674154,0.06838143466758383
0,2,1.2892718627629682,0.007606047061414183,1.4759231888453168,0.19837477351491722,0.5055666666666666,0.04861330407751908,0.49443333333333334,0.048613304077519105,37.7394053141276,0.06682867663496417
0,3,1.102430385142844,0.0068645530973283735,1.30411889295578,0.20545178803422395,0.5658,0.04817478593621353,0.4342,0.04817478593621353,37.920117696126304,0.0691737350389941
0,4,0.9752344216227226,0.00908468068653756,1.2454947517395019,0.1251906858802346,0.5805666666666668,0.03492239014347864,0.4194333333333333,0.03492239014347864,38.092875162760414,0.07256726896553763
0,5,0.8788866665458842,0.01234327941440285,1.3711955382664998,0.3398687381894079,0.5844666666666667,0.06355165877719744,0.4155333333333333,0.06355165877719744,38.25941594441732,0.07578327746916418
0,6,0.8053716355069316,0.011496758897795426,1.089917516708374,0.0951846257357041,0.6569333333333334,0.02668189148717412,0.34306666666666663,0.02668189148717412,38.41944249471029,0.0761572981044473
0,7,0.745020042396669,0.017565250164149313,0.9260750147501627,0.027984062744845346,0.6864333333333333,0.004858326186386978,0.3135666666666667,0.004858326186386979,38.57198588053385,0.07750247652626133
0,8,0.6995204965070284,0.015489488878071068,0.8881459428787233,0.051946745847476716,0.7078000000000001,0.0016093476939431518,0.2922,0.0016093476939431518,38.718221028645836,0.07872080597711857
0,9,0.6569047709966661,0.010149236260796241,0.8387718282699584,0.08417447658235806,0.7216666666666667,0.029109677657667976,0.2783333333333334,0.029109677657667976,38.86081186930338,0.07606805513646844
0,10,0.6261396323730066,0.015401728576012259,0.9380701928456624,0.20067885071477573,0.7128333333333333,0.04302049898982271,0.2871666666666666,0.04302049898982271,38.99904759724935,0.07413527590086957
0,11,0.5964844072871196,0.01480944619934786,0.8570239915529886,0.21094545312505528,0.7246666666666667,0.050322592673006546,0.2753333333333333,0.050322592673006546,39.13554128011068,0.0735799792623521
0,12,0.5727474705744074,0.009128242689410803,0.7054664162317912,0.03434618393589746,0.7678666666666666,0.012159906797888418,0.23213333333333333,0.012159906797888418,39.265525817871094,0.07395117021688166
0,13,0.5512502261795554,0.009575641599436907,0.8568827119191488,0.13101738492847786,0.7285666666666666,0.027203921285971502,0.27143333333333336,0.027203921285971502,39.39198557535807,0.0705818994327607
0,14,0.528017169425148,0.009961535309226036,0.7558179847717286,0.10570413253089025,0.7575333333333333,0.024666644144133887,0.2424666666666667,0.024666644144133887,39.517678578694664,0.07182894346722218
0,15,0.5127683759548679,0.008959700694279038,0.7200120071729025,0.046554608265823506,0.7677999999999999,0.01698852553931627,0.2322,0.01698852553931627,39.64137649536133,0.07326388792588466
0,16,0.4957539258304053,0.008356903810070615,0.7611009165128073,0.16871974471228876,0.7564666666666667,0.03773080085730132,0.24353333333333335,0.03773080085730133,39.76462173461914,0.07064304693521926
0,17,0.47798681968008466,0.007957070082766866,0.7221489963213603,0.1366350644865192,0.7690333333333333,0.02822380791695788,0.23096666666666665,0.02822380791695788,39.885545094807945,0.06968136757113383
0,18,0.4648962323724563,0.007386326795449959,0.6591987993876139,0.055549789047366724,0.7863666666666665,0.01507658228290921,0.21363333333333334,0.01507658228290921,40.00555928548177,0.06911384300434559
0,19,0.4536513724163467,0.008261952898086863,0.629765296347936,0.03022627558545948,0.793,0.007418220810949229,0.207,0.007418220810949229,40.12222671508789,0.06949214429566535
0,20,0.44024249056365283,0.006623444584179892,0.6634408543268839,0.014980892254764398,0.7837333333333333,0.006671081871280954,0.21626666666666663,0.006671081871280954,40.23815155029297,0.06930953349138728
0,21,0.42737590694976274,0.007062934378667521,0.6193748611132305,0.034746879151114185,0.8025666666666668,0.009851057472846914,0.19743333333333335,0.009851057472846914,40.35227076212565,0.06878060656171768
0,22,0.41583117208771486,0.006239834513907163,0.6240212573051452,0.051862745814646574,0.7955,0.014632498077908663,0.2045,0.014632498077908663,40.466288248697914,0.06936511962053755
0,23,0.4066064384942978,0.00392660140912232,0.6599624825159709,0.036480030275806985,0.7914333333333334,0.011116354318450525,0.20856666666666665,0.011116354318450525,40.57657241821289,0.06782706347471797
0,24,0.3946933069497423,0.0016537071054791308,0.7163733194669089,0.09903949945620227,0.7813,0.022063317973505227,0.2187,0.022063317973505227,40.68793614705404,0.06747245336561784
0,25,0.3869033438190881,0.004979705883838276,0.620551825428009,0.09206066160912182,0.8044666666666666,0.022762322670002992,0.19553333333333334,0.022762322670002992,40.79780069986979,0.0670007563983577
0,26,0.37414699738237056,0.0037504047481946383,0.5975023194948833,0.061182484528523505,0.8128666666666667,0.012240234202552387,0.18713333333333337,0.012240234202552387,40.908372243245445,0.06638546119658148
0,27,0.3682815634787642,0.003319897721322852,0.6343969883918762,0.1119228897340272,0.7974333333333333,0.029957024774388653,0.20256666666666667,0.029957024774388653,41.01844024658203,0.0660334176571148
0,28,0.3595459086841126,0.003808315400723081,0.662667434088389,0.12301626329064456,0.7968000000000001,0.026051295553196546,0.20320000000000002,0.026051295553196543,41.127418518066406,0.0665015696193506
0,29,0.3516017376665162,0.0018337372279500028,0.589522498512268,0.04738808242439221,0.8137,0.011405700329221322,0.1863,0.011405700329221322,41.23515701293945,0.06768698558288282
0,30,0.346088709809896,0.004388566794382313,0.6514126127560934,0.13505079805781744,0.8022666666666667,0.03479372548798608,0.19773333333333332,0.03479372548798608,41.34202194213867,0.06654538572238668
0,31,0.33648402770411123,0.0073274803767817255,0.5652644124984741,0.032445122694149724,0.8236666666666667,0.0029737742572921366,0.17633333333333331,0.0029737742572921366,41.445838928222656,0.06602507087126949
0,32,0.33024546519264847,0.007486865993004291,0.5416424803892772,0.03334967221739337,0.8297666666666667,0.00961994455978482,0.17023333333333335,0.00961994455978482,41.55088678995768,0.06738629694207283
0,33,0.3239753941567861,0.0016220855160059098,0.6301061367511749,0.09487407046573428,0.8045333333333332,0.023452149865914894,0.19546666666666668,0.023452149865914894,41.655871073404946,0.06706871911202761
0,34,0.3175212956094783,0.0068159333681646166,0.6722369847297669,0.09534240743220827,0.7989,0.02182406928141499,0.20109999999999997,0.02182406928141499,41.760902404785156,0.06703831074811986
0,35,0.30921686761468675,0.003328733830321695,0.5966344476858775,0.10924204430282115,0.8192333333333334,0.023700703224447457,0.18076666666666666,0.023700703224447457,41.86515680948893,0.06744248901627008
0,36,0.30422871491894804,0.00520461073084803,0.5702939762910207,0.04928415716561634,0.8262666666666667,0.012079045216130853,0.17373333333333338,0.012079045216130853,41.9693489074707,0.06814670551399932
0,37,0.2989810607876416,0.0025189603294320955,0.5753907433668772,0.006890389717854746,0.8239666666666667,0.00040414518843275764,0.1760333333333333,0.00040414518843275764,42.07001241048177,0.06877547251745969
0,38,0.29469420083775444,0.0035077067908891027,0.49396017460823066,0.053432517706564646,0.8445333333333332,0.012888884099615965,0.15546666666666667,0.012888884099615963,42.17119471232096,0.06934887651705036
0,39,0.2881981092620282,0.004020342899030978,0.531003152068456,0.05532858531083181,0.8337666666666667,0.012182911529405996,0.16623333333333334,0.012182911529405996,42.27240753173828,0.0718458990286808
0,40,0.28504521854520354,0.005747011321019818,0.5510036244392396,0.07594049732885864,0.8339333333333333,0.0122806080196924,0.1660666666666667,0.0122806080196924,42.37368138631185,0.07177922363695648
0,41,0.27807403928763014,0.0016094632244362003,0.5911729285240174,0.03621705947527923,0.8269333333333334,0.009542187030934415,0.17306666666666667,0.009542187030934415,42.474114735921226,0.0735381838239439
0,42,0.2739309577203061,0.0030310944503828237,0.6962070547103881,0.2958853308248925,0.8102,0.054785764574385554,0.18979999999999997,0.054785764574385554,42.572470347086586,0.07265774324256973
0,43,0.27032981439472165,0.0034813116399186645,0.6034739234447479,0.11507584429358438,0.8250333333333334,0.02967226538930477,0.17496666666666663,0.02967226538930477,42.670833587646484,0.07374332535752355
0,44,0.26502753252390604,0.004001698541531286,0.5251937224388122,0.042620363899846594,0.8406000000000001,0.014155211054590444,0.1594,0.014155211054590444,42.768914540608726,0.0730354393455473
0,45,0.2603411464892385,0.0070077113072754,0.5109573253631591,0.10124754970327861,0.8447333333333332,0.021766334862197943,0.15526666666666666,0.021766334862197943,42.86424891153971,0.07106738848858939
0,46,0.25579369259968027,0.0033622379609050917,0.5511051688750584,0.02512560030074806,0.8348666666666666,0.0033842773723992423,0.16513333333333335,0.0033842773723992423,42.9610341389974,0.07096132729450111
0,47,0.2502093492591879,0.004098840454566459,0.5442606200218201,0.03494900745900419,0.8387333333333333,0.006600252520421712,0.16126666666666664,0.006600252520421712,43.05547078450521,0.07192382923508422
0,48,0.24891850926483786,0.003147582527618178,0.5302756251017252,0.027184423508325048,0.8427333333333333,0.0066725807101400605,0.15726666666666667,0.0066725807101400605,43.15126164754232,0.0716987619172338
0,49,0.24544003614735013,0.0016686737992871754,0.5328142497698466,0.053864207405279425,0.8446000000000001,0.012644366334458949,0.15539999999999998,0.012644366334458949,43.246359507242836,0.07342476007585799
0,50,0.24032825687606418,0.004427421093327539,0.518183461078008,0.027218710633718897,0.8451666666666666,0.004212283624512148,0.15483333333333335,0.004212283624512148,43.340624491373696,0.07203990433349118
1,1,1.848800967111612,0.011932898694361517,1.5753646719614665,0.09960920307913286,0.4247,0.014901006677402701,0.5753,0.014901006677402745,37.56607437133789,0.0843997544100252
1,2,1.4223239140335757,0.018227140172054276,1.4180698022842408,0.09548189755417963,0.4826,0.03274858775581015,0.5174,0.03274858775581015,37.757895151774086,0.09200222161089729
1,3,1.2151074207753882,0.02450432788395911,1.298878149032593,0.10629464187976913,0.5499999999999999,0.03024103172843152,0.45,0.03024103172843152,37.9524040222168,0.09503536601789495
1,4,1.0705765245414045,0.020946048627993808,1.087028389676412,0.018028572904695988,0.6209333333333333,0.004864497233356478,0.37906666666666666,0.004864497233356478,38.135728200276695,0.09174561340089352
1,5,0.963879367427143,0.010477015713521533,0.9941345275878906,0.10376956422708129,0.6570666666666667,0.037069709107751724,0.3429333333333333,0.037069709107751724,38.30777359008789,0.08228002877915241
1,6,0.8861287752990528,0.010933070956006673,1.0600870084762573,0.09726718302886717,0.6509333333333334,0.02746512940681932,0.34906666666666664,0.02746512940681932,38.476654052734375,0.07840759577574136
1,7,0.8179859363006305,0.008013000681547755,0.9509104038556417,0.14774932170134497,0.6847333333333333,0.031209987717609442,0.3152666666666667,0.031209987717609442,38.63953526814779,0.074606716028944
1,8,0.762742593719323,0.009852466715805943,0.8760882953961691,0.11820126013034606,0.6995999999999999,0.03033858928823158,0.30040000000000006,0.03033858928823158,38.79655965169271,0.07074127001570497
1,9,0.7161880630717152,0.008830635496557935,1.0163389550526938,0.37213948211026404,0.6892333333333333,0.07058876208953754,0.3107666666666667,0.07058876208953754,38.94646326700846,0.07047791045634157
1,10,0.6763641123627355,0.004277964484785353,0.7830850905418396,0.05474204293741407,0.7368333333333332,0.01603007589917567,0.26316666666666666,0.01603007589917567,39.09256362915039,0.06952893182203185
1,11,0.6436846300210083,0.005672280970985393,0.7853185507933299,0.07635668694878099,0.739,0.024227876506206624,0.261,0.024227876506206624,39.23323313395182,0.067071860007977
1,12,0.6144986454991327,0.008240897500375861,0.782812189467748,0.09015580513996091,0.7372,0.02704237415612764,0.26280000000000003,0.02704237415612764,39.36730066935221,0.06750699624730605
1,13,0.5887390332453696,0.007087684730922139,0.7581589032491047,0.04297194571579838,0.7484333333333333,0.013203913561264097,0.25156666666666666,0.013203913561264097,39.49867375691732,0.06474773864349187
1,14,0.564819929214593,0.008051497432856122,0.7565947948773702,0.17777795069051883,0.7575666666666666,0.04280471157867243,0.24243333333333336,0.04280471157867243,39.625012715657554,0.06425967594395907
1,15,0.5464069123005927,0.004195088958473119,0.7040695084889729,0.05353552823648106,0.7709,0.014509307357692812,0.2291,0.014509307357692812,39.74993387858073,0.060955218459656076
1,16,0.5287533856972811,0.00618881289599823,0.6432088005065918,0.10143986969085439,0.7873333333333333,0.028796238180243884,0.21266666666666667,0.028796238180243884,39.872833251953125,0.060262463903243225
1,17,0.5083474387039207,0.005733404838486024,0.7132469831784567,0.0821032915498295,0.7629666666666667,0.02522624294922517,0.23703333333333332,0.02522624294922517,39.99399058024088,0.06161125387325711
1,18,0.49683709441345164,0.006408738168832459,0.593452802101771,0.03863124039731693,0.8038333333333334,0.013719450912238917,0.19616666666666663,0.013719450912238917,40.11477788289388,0.06042415689994551
1,19,0.4819842374741472,0.006779144427244193,0.6911729793548584,0.079958000973407,0.7771333333333333,0.019278571869651887,0.22286666666666666,0.019278571869651887,40.23076248168945,0.057238837278899134
1,20,0.46646360414005805,0.006106088194116616,0.57300409228007,0.014518163581815263,0.8079666666666666,0.0038397048497682126,0.19203333333333336,0.0038397048497682126,40.34872309366862,0.05429943927563295
1,21,0.4532659737629862,0.006947766565380948,0.5698450631936391,0.04659081487889604,0.8136333333333333,0.010471071260063811,0.18636666666666668,0.010471071260063811,40.466051737467446,0.051656982201401636
1,22,0.4404335608999646,0.0062789333072705575,0.6453581950823466,0.019891367550159227,0.7895333333333333,0.005657148869645702,0.21046666666666666,0.005657148869645702,40.57919057210287,0.05193639430919806
1,23,0.43175876536942503,0.006210701457000894,0.6006854362487793,0.021645757127370942,0.8039999999999999,0.010658799181896609,0.19599999999999998,0.010658799181896609,40.69049199422201,0.05085848850235689
1,24,0.416478761448783,0.004535484165281063,0.5785964511712393,0.0772005476914708,0.8115333333333333,0.01856511064694559,0.18846666666666667,0.01856511064694559,40.80165990193685,0.04885392838402101
1,25,0.4109917531537888,0.008174921116007526,0.6371354949474335,0.12379493303332405,0.7957,0.030446674695276624,0.2043,0.030446674695276624,40.9105478922526,0.047804532966622064
1,26,0.3982738754811291,0.004473030542832512,0.5456758001327514,0.025753945324039802,0.8215666666666667,0.008010826008180039,0.17843333333333333,0.008010826008180039,41.021063486735024,0.04807092455757563
1,27,0.3896963723886755,0.005359712247057992,0.5619614523251851,0.05790915514792071,0.8176,0.017726533784132758,0.1824,0.017726533784132758,41.12971496582031,0.04657586131705396
1,28,0.37897512406898376,0.006133178069032521,0.5582873099406561,0.05748487163702389,0.8191999999999999,0.014342942515397559,0.1808,0.014342942515397559,41.23639170328776,0.04417871645333668
1,29,0.3737866353221358,0.0014344359980904726,0.6259070424079894,0.09353771691023229,0.8016,0.027080066469637752,0.1984,0.027080066469637752,41.343379974365234,0.041750126363038736
1,30,0.3648667244299395,0.007843633817240259,0.565533736594518,0.01754709436800316,0.8187000000000001,0.0034219877264537145,0.1813,0.0034219877264537145,41.44722112019857,0.040378482501967516
1,31,0.35743736898096223,0.0036041443161587933,0.5422071334520976,0.0724033040147335,0.8295666666666667,0.021019356158867783,0.17043333333333333,0.021019356158867783,41.55052185058594,0.040652391500800994
1,32,0.35107548501841146,0.004014045300005758,0.5659384233792624,0.06019503519986488,0.8210000000000001,0.01211981848048889,0.17900000000000002,0.01211981848048889,41.654797871907554,0.04152842322295122
1,33,0.3404919529382937,0.0036865878850221388,0.6369694207509359,0.08293219234803326,0.8029000000000001,0.022609953560323835,0.19709999999999997,0.022609953560323835,41.7558708190918,0.041047751207276426
1,34,0.3349989609950034,0.004851175061608092,0.5305870620568593,0.048974594960194344,0.8313666666666667,0.011860157390748825,0.16863333333333333,0.011860157390748825,41.85967254638672,0.043046133675991874
1,35,0.32863971937800307,0.004421924164984539,0.5767479491949082,0.03575041059720155,0.8225666666666668,0.0065431898439013095,0.1774333333333333,0.0065431898439013095,41.96280161539713,0.043199742994482176
1,36,0.3235019388634835,0.005291482266583512,0.5246656329552333,0.05882972203964127,0.8360333333333333,0.010140184087743817,0.16396666666666668,0.010140184087743817,42.06673049926758,0.040640442483923234
1,37,0.31673928637943605,0.004892727022986996,0.5128096674919128,0.011777955035655452,0.8379,0.002951270912674736,0.1621,0.002951270912674736,42.16450119018555,0.04135724109730624
1,38,0.31251015498891205,0.007820110357342747,0.5306185551484425,0.019342657679712084,0.8342666666666667,0.007464806315861974,0.16573333333333332,0.007464806315861974,42.26564407348633,0.04363829802260915
1,39,0.30787815833234017,0.0040378378716494625,0.5519551782290141,0.09387726761155565,0.8296666666666667,0.021008887008438434,0.17033333333333336,0.021008887008438434,42.362405141194664,0.042269680694728584
1,40,0.3007860510321834,0.0037355705523256207,0.515037557442983,0.03538713027816674,0.8375333333333334,0.006815668223537127,0.16246666666666668,0.006815668223537127,42.45918273925781,0.043595761799675635
1,41,0.2931504582149395,0.0027682235170063364,0.5491878280798593,0.0643907309086454,0.8294666666666667,0.017176243283481215,0.17053333333333331,0.017176243283481215,42.55741500854492,0.04541495913696515
1,42,0.2916467702373519,0.00151038484194283,0.49609790719350183,0.02074012906009266,0.8464333333333333,0.002098412098071619,0.15356666666666666,0.0020984120980716186,42.65419260660807,0.04564926595516268
1,43,0.28391958254834876,0.005580859704952731,0.5187931895414989,0.01657330297375365,0.84,0.008231038816577189,0.16,0.008231038816577189,42.75067392985026,0.0462183019297074
1,44,0.28338519648314536,0.002903785667376832,0.5131549279371898,0.04241094214313079,0.8453333333333334,0.013561096317530285,0.1546666666666667,0.013561096317530285,42.84614944458008,0.04472435605861852
1,45,0.2754833538082046,0.006163775888009197,0.4994577876408895,0.04300082013587705,0.8440333333333333,0.01064628260630597,0.1559666666666667,0.01064628260630597,42.94415410359701,0.04451877234834899
1,46,0.2734453143569413,0.0029879593566206238,0.5342125696182252,0.04380585401094216,0.8384666666666666,0.007393465583427935,0.16153333333333333,0.007393465583427935,43.03862635294596,0.045633750695550535
1,47,0.2666886244270909,0.00486911869570748,0.550095048570633,0.0518235439910319,0.8325999999999999,0.011984990613262896,0.1674,0.011984990613262896,43.13469696044922,0.04610021999000836
1,48,0.26331776747033825,0.004280963000910276,0.5493887166023255,0.025536092941925086,0.8382000000000001,0.006720119046564559,0.16179999999999997,0.006720119046564559,43.23085021972656,0.04674231309717863
1,49,0.2604820080997084,0.005090726441708781,0.4775965482711792,0.005621208559782907,0.8522,0.0027874719729533205,0.14780000000000001,0.0027874719729533205,43.32638422648112,0.04577138386198456
1,50,0.25506331058947934,0.00588052634518099,0.49355301076968505,0.036510192478262336,0.8511666666666667,0.009612665256490183,0.14883333333333335,0.009612665256490183,43.41861343383789,0.04427125492827256
2,1,1.9757556249621782,0.007919929882540557,1.7925750411987302,0.120122632583873,0.3492,0.03380872668409738,0.6508,0.03380872668409735,37.55906550089518,0.08475347055726304
2,2,1.5394732766139232,0.0303442627674855,1.5324563852945963,0.11603835003468874,0.4393666666666666,0.0423426892548564,0.5606333333333332,0.042342689254856396,37.740447998046875,0.08488625713983698
2,3,1.3345789582121608,0.042961515902262604,1.3790853846867879,0.13694442657330116,0.5161000000000001,0.019151762320998033,0.4839,0.019151762320998033,37.941229502360024,0.08126593119072004
2,4,1.1725165817032284,0.03787926932590414,1.2602392372131348,0.08356828721351471,0.5614333333333333,0.022424168509296655,0.4385666666666667,0.022424168509296658,38.14239629109701,0.07739164365516148
2,5,1.0493703255872897,0.0274630782641355,1.0503979586919148,0.04933382174330586,0.6238,0.020575956842878513,0.37620000000000003,0.020575956842878516,38.32624435424805,0.06604229022876468
2,6,0.9569659723446904,0.009861338153370595,1.0270278345108033,0.042835409567504326,0.6441333333333334,0.013308017633491959,0.3558666666666666,0.013308017633491959,38.50207010904948,0.0586814921701319
2,7,0.8800420043616852,0.007691631447785745,0.9888821119944255,0.044376121253741185,0.6636000000000001,0.01709151836438179,0.3364,0.01709151836438179,38.67107009887695,0.04399815352811522
2,8,0.8159279356069882,0.0031977283708676733,1.0311120473861697,0.08369770312838919,0.6584333333333334,0.024309737418025158,0.34156666666666663,0.024309737418025158,38.831826527913414,0.037697230642419366
2,9,0.7637194888975919,0.0064263594029426475,0.8624608423550923,0.054656156311653284,0.7131333333333334,0.014822392969198088,0.28686666666666666,0.014822392969198087,38.98760477701823,0.036211103426326975
2,10,0.7204620013964652,0.008694532070143432,0.8354868058204651,0.03577901030770466,0.7158666666666665,0.011683464098174536,0.2841333333333333,0.011683464098174537,39.13530731201172,0.03570705822330531
2,11,0.6834189726162038,0.007389320423093266,0.8584096199830373,0.08242980775360359,0.7176,0.020454583838347824,0.28240000000000004,0.020454583838347824,39.27954355875651,0.037796570364882494
2,12,0.648962491511892,0.011063057487896875,0.7705127159436543,0.02013200476119016,0.7441333333333334,0.004404921490030569,0.25586666666666663,0.004404921490030569,39.41717529296875,0.04428478687530559
2,13,0.6217848553631108,0.005580799639633711,0.8632219027519227,0.16193789099670397,0.7164,0.04590435709167486,0.2836,0.04590435709167486,39.55048370361328,0.041641927799325865
2,14,0.5924460177277259,0.009084258232360046,0.6978173988978069,0.01584442166804811,0.7664,0.005538050198400196,0.2336,0.005538050198400196,39.68112309773763,0.0410518348627689
2,15,0.5725143349841427,0.002653199534717929,0.6840771010080973,0.05558691145352268,0.7777,0.012916655913974001,0.22230000000000003,0.012916655913974001,39.8072878519694,0.039649970780264825
2,16,0.5535703203867158,0.0017578579021311483,0.6533770481109619,0.05998625109102063,0.7831999999999999,0.017445916427634264,0.2168,0.017445916427634264,39.92827606201172,0.03867240975231778
2,17,0.5334376489262446,0.002972042676027146,0.6599605923175812,0.031133096325084125,0.7820333333333332,0.00935539060292694,0.21796666666666667,0.00935539060292694,40.04789352416992,0.038325858491322896
2,18,0.5179206720805026,0.002564999692410066,0.7434431784947714,0.02586905966002514,0.7667,0.008281907992727272,0.23329999999999998,0.008281907992727272,40.16747156778971,0.03605169463636271
2,19,0.504781786565179,0.005648801610484031,0.6309187589645386,0.06724602224067004,0.7915333333333333,0.02397589066819697,0.20846666666666666,0.02397589066819697,40.28589630126953,0.035053632607328
2,20,0.4879698811030652,0.0021836565094576323,0.5815561888694764,0.017164726193221794,0.8067000000000001,0.00262106848441622,0.1933,0.00262106848441622,40.399969736735024,0.033088354314747416
2,21,0.47341124356453584,0.0069593628062343885,0.5722619437456131,0.052661867029063454,0.8095333333333334,0.01624325501041385,0.19046666666666667,0.01624325501041385,40.51347351074219,0.0352090579278682
2,22,0.4638308082522233,0.004179036195493197,0.6603497627576193,0.0471272270682916,0.7815333333333333,0.010636885509082658,0.21846666666666667,0.010636885509082658,40.623661041259766,0.03385464261691677
2,23,0.4511239691514392,0.0028177326834421547,0.6317397776762644,0.04816996384398387,0.7943666666666666,0.015393938200906671,0.20563333333333333,0.015393938200906671,40.73479461669922,0.03289514027141476
2,24,0.434769446930617,0.004956176819491509,0.6660031878471374,0.11439517809197411,0.7885666666666666,0.03161239208496144,0.21143333333333336,0.03161239208496144,40.84595743815104,0.029726158923426824
2,25,0.42929298625679374,0.0024832040898669096,0.5963483863433202,0.05090607286440758,0.8053666666666667,0.014988106395850475,0.19463333333333335,0.014988106395850475,40.953103383382164,0.026639894131425083
2,26,0.418195591012027,0.0016745733792414984,0.558885162639618,0.05833878884846058,0.8192333333333334,0.016129889439588034,0.18076666666666666,0.016129889439588034,41.057961781819664,0.023710607153111605
2,27,0.40891777333396173,0.0029820267421791246,0.5978725437641144,0.07483276442580575,0.8045666666666667,0.01907991963644846,0.19543333333333335,0.01907991963644846,41.16190973917643,0.023878574125350844
2,28,0.39965534189879537,0.0023703114178551506,0.5931414112091065,0.03741812610619497,0.8107000000000001,0.008281907992727272,0.1893,0.008281907992727272,41.26638158162435,0.02295258817303698
2,29,0.3897486271531991,0.0022972032005884324,0.6322243380228679,0.08935563839259464,0.8013333333333333,0.024916326642050086,0.19866666666666666,0.024916326642050086,41.36767450968424,0.022817421670834757
2,30,0.38081878708248346,0.005292906454744878,0.5875013893445332,0.05632692730548453,0.8117666666666666,0.017085764054713338,0.18823333333333334,0.017085764054713338,41.4693489074707,0.024413046517689937
2,31,0.37483437242461193,0.0014932597157454688,0.5430720490773518,0.03512008398094544,0.8259,0.010474731500138772,0.17410000000000003,0.010474731500138772,41.571529388427734,0.023004835727874384
2,32,0.3667593121223742,0.0033920807554787724,0.5243210325876871,0.04967335864477661,0.8311666666666667,0.011262474565269083,0.1688333333333333,0.011262474565269085,41.67247517903646,0.02419599547999487
2,33,0.35885161763566836,0.0014044698528218615,0.6017902431925138,0.1383391554404053,0.8096666666666668,0.03580563270399413,0.19033333333333335,0.03580563270399413,41.771706899007164,0.022540067538618914
2,34,0.35141089547168264,0.0005347076058183343,0.5323982417901357,0.023629175828373,0.8253666666666666,0.008259136355172569,0.1746333333333334,0.00825913635517257,41.87043126424154,0.02318765869269339
2,35,0.34770060833051275,0.0022898445358275578,0.5059064426581065,0.0163513447867742,0.8381666666666666,0.0051675268101223,0.16183333333333336,0.0051675268101222995,41.969931284586586,0.025330645278788116
2,36,0.337330602090377,0.0024547471473250673,0.5096764736493428,0.030490140366489005,0.8396,0.008550438585242282,0.16040000000000001,0.008550438585242282,42.06814829508463,0.02662279007227792
2,37,0.3322756571690445,0.0014395310333675112,0.5138666505177816,0.004869567811739105,0.8332,0.002858321185591296,0.16679999999999998,0.002858321185591296,42.166160583496094,0.027912014247626616
2,38,0.3274446241652874,0.0046372975589091675,0.487965172068278,0.021561693319161142,0.8406666666666666,0.003601851375797352,0.15933333333333335,0.0036018513757973525,42.26269404093424,0.030815987820049563
2,39,0.32140187981386825,0.002091470085991917,0.5385087893724442,0.048670629541257615,0.8251333333333334,0.015826981181935314,0.17486666666666664,0.015826981181935314,42.35887781778971,0.03268039688951728
2,40,0.31420676843386275,0.0029231881668363097,0.5878989293058713,0.10323497054952101,0.8184999999999999,0.02399020633508602,0.1815,0.02399020633508602,42.454115549723305,0.03496093298247821
2,41,0.3095398576134611,0.0018467566746623288,0.5400742306788763,0.04979370609843881,0.8320666666666666,0.01350641822739597,0.16793333333333335,0.01350641822739597,42.550394694010414,0.03603899407862669
2,42,0.304853442748286,0.0029229471058369477,0.5356381662448247,0.09905440970872274,0.8324666666666666,0.02344042092909881,0.1675333333333333,0.02344042092909881,42.64599736531576,0.03542159866148672
2,43,0.2983332152422025,0.0020112265530724325,0.5002652157942454,0.04049294919210342,0.8427666666666666,0.009671780256671151,0.15723333333333334,0.009671780256671151,42.740875244140625,0.036515774877688596
2,44,0.2970761380714935,0.002508516668184247,0.5054878824591637,0.04949949279534628,0.8427333333333333,0.01205003457809701,0.1572666666666667,0.01205003457809701,42.834128061930336,0.03783699057676694
2,45,0.28840352080362225,0.0020450980652718396,0.5430688459078471,0.04343999000107606,0.8300333333333333,0.01520076752448156,0.16996666666666668,0.015200767524481558,42.92541631062826,0.03873660561320696
2,46,0.28550751094419735,0.00357726423495015,0.4880783494790395,0.03516136451769734,0.8449333333333332,0.007851326851770578,0.15506666666666669,0.007851326851770578,43.018507639567055,0.04119868178423607
2,47,0.2802355486362893,0.0029143632053489944,0.6752696310758591,0.18357315037363967,0.801,0.044427356437222315,0.19899999999999998,0.044427356437222315,43.11014175415039,0.041986481180432
2,48,0.27769629128804496,0.0024440214982618023,0.6550647286097209,0.11036705938520602,0.8118333333333333,0.02356466280966763,0.1881666666666667,0.02356466280966763,43.20184199015299,0.044964206152811326
2,49,0.27155659953092576,0.0029382669138966976,0.5095459322253864,0.0534457159427655,0.8410666666666667,0.010407849601782962,0.15893333333333334,0.01040784960178296,43.2927614847819,0.045415744696120725
2,50,0.26768868107218474,0.003096870509180685,0.5068917771895727,0.06081931932369612,0.8438,0.01743186736984879,0.1562,0.01743186736984879,43.38291676839193,0.04584458931209873
4,1,2.2795154605273598,0.04917984561621541,1.8588032135645547,0.1486788364481078,0.30843333333333334,0.03844077696058358,0.6915666666666667,0.03844077696058358,37.72936884562174,0.10588615178881224
4,2,1.7314739936656254,0.012750178832666461,1.8417570240656536,0.14385161855046477,0.3414333333333333,0.01120728929462131,0.6585666666666666,0.01120728929462131,37.86644490559896,0.0950289868828506
4,3,1.5769979038100315,0.003475560291167674,1.521540986696879,0.04638266894361505,0.4346666666666666,0.017997870244374273,0.5653333333333332,0.0179978702443743,38.03825759887695,0.08295765265832304
4,4,1.4417873973635051,0.022276184761011886,1.5219726622899374,0.1161247853744999,0.4555666666666667,0.015234609720414013,0.5444333333333333,0.015234609720413989,38.22681172688802,0.07737887821697173
4,5,1.3108306802040677,0.02023142718293903,1.3096592631022137,0.10033239661096906,0.5318,0.024230352865775604,0.46819999999999995,0.024230352865775604,38.41667175292969,0.07397320963617993
4,6,1.2072769543703865,0.02957593086599349,1.1821863172849019,0.06743562677454651,0.5742999999999999,0.021663102270912196,0.42569999999999997,0.021663102270912196,38.612778981526695,0.06318556174281012
4,7,1.1048229007972983,0.019987875143978755,1.1789825796127318,0.13505118635259655,0.5880666666666666,0.029391552074249722,0.4119333333333333,0.029391552074249722,38.80037943522135,0.05315070422501596
4,8,1.0197872871633076,0.016469518243335916,1.053113362121582,0.08298005192016832,0.6290333333333334,0.02136195996001617,0.3709666666666666,0.02136195996001617,38.980456034342446,0.0406877756843315
4,9,0.9543108164705177,0.019855935840345035,0.9250330508232117,0.04355662709104272,0.6735666666666668,0.016563312873134218,0.32643333333333335,0.016563312873134218,39.15331904093424,0.034382665812430574
4,10,0.8944779663947742,0.015256699993329252,0.9429554140408835,0.027149410742235414,0.6733666666666666,0.018668243980978293,0.32663333333333333,0.018668243980978293,39.32165781656901,0.03386760596888431
4,11,0.8401858082004621,0.011076537182682705,1.0041481906255088,0.14595218849557592,0.6647,0.038787111261345576,0.3353,0.038787111261345576,39.48473230997721,0.0380684284954366
4,12,0.7886338879791773,0.01041662931223575,0.9155109404881795,0.11431080417048971,0.6903,0.03125811894532363,0.3097,0.03125811894532363,39.6368776957194,0.03647379284872049
4,13,0.7523569702746414,0.005542792208741302,1.0064003854115804,0.2198500428043056,0.6788666666666666,0.04766553611712903,0.3211333333333333,0.04766553611712903,39.78626251220703,0.03608637903917745
4,14,0.7097110350164509,0.004819385875092304,0.8565436890920003,0.08924661608520218,0.7091666666666666,0.0262038801198092,0.29083333333333333,0.0262038801198092,39.92398198445638,0.03690994495599905
4,15,0.6778387528703645,0.01111141341146582,0.7645115422566731,0.06379715947188923,0.7400000000000001,0.020615770662286634,0.26,0.020615770662286634,40.059191385904946,0.037786451238969586
4,16,0.6474444027751912,0.00563275256740685,0.7534332231521607,0.018909888545919743,0.7462333333333332,0.008863595959503864,0.25376666666666664,0.008863595959503864,40.1918576558431,0.03653689287640107
4,17,0.6244169189598656,0.004060098217069212,0.7459834444681803,0.046578771969685205,0.7516999999999999,0.0166520269036535,0.24830000000000005,0.0166520269036535,40.32226816813151,0.03542874498304863
4,18,0.598362842992342,0.0015597618439223903,0.7899178313891092,0.04442748675134675,0.7372333333333333,0.009749017044468252,0.26276666666666665,0.009749017044468252,40.44500986735026,0.03270852022772675
4,19,0.5804332824009459,0.001895833772144753,0.7022153780619304,0.04516620284165077,0.7681333333333334,0.01523296863166645,0.23186666666666664,0.01523296863166645,40.56783548990885,0.029881371867109197
4,20,0.5597280260851926,0.004399935043014302,0.7726404283523559,0.040195164323569184,0.7470666666666667,0.01270052492353503,0.25293333333333334,0.01270052492353503,40.68777338663737,0.030114406384821345
4,21,0.5414989474281122,0.009669469678452187,0.6459877780596415,0.050898221224502015,0.7815,0.009109884741312595,0.2185,0.009109884741312597,40.80646260579427,0.02650779697598651
4,22,0.5229295285868014,0.0020548110507089055,0.6928708643277486,0.05575972131158344,0.77,0.01756331403807377,0.23,0.01756331403807377,40.916952768961586,0.025082415531119603
4,23,0.5103993493831778,0.0022612874203717342,0.6210309696038564,0.03916153978046713,0.7904,0.010867842472174474,0.2096,0.010867842472174474,41.03054936726888,0.023767865326202304
4,24,0.49472131707784156,0.0008382582497961717,0.6797425091425578,0.011604578168023403,0.7770666666666667,0.003308070938376861,0.22293333333333332,0.003308070938376861,41.14163716634115,0.020583909323398618
4,25,0.4836606058115036,0.0020951670068805627,0.621996279446284,0.04298854080992615,0.7915,0.012559856687080467,0.2085,0.012559856687080467,41.25009536743164,0.01920517550056974
4,26,0.4702490518617508,0.0011533377957707186,0.6418153703371684,0.06909866060803214,0.7928000000000001,0.01700705735863789,0.20720000000000002,0.01700705735863789,41.35625076293945,0.022299911387781108
4,27,0.45842067259605984,0.003349855593786707,0.7243789666175843,0.1251920695126242,0.7643333333333334,0.03277839735760935,0.23566666666666666,0.03277839735760935,41.461795806884766,0.018420036314020376
4,28,0.44586656741219916,0.007422989070467209,0.6309477166175843,0.041054804139298816,0.7919333333333333,0.00879450586066853,0.20806666666666665,0.00879450586066853,41.56315231323242,0.015489083963208243
4,29,0.4372713449462702,0.0021834682946455047,0.6974257103919982,0.164174777065568,0.7791666666666667,0.03865026951178129,0.22083333333333333,0.03865026951178129,41.66775131225586,0.01603110765496552
4,30,0.4288413582682508,0.005154124735502119,0.6358134410540263,0.07062828963450583,0.7936666666666667,0.01642751756454192,0.20633333333333329,0.01642751756454192,41.77127202351888,0.011728377369532448
4,31,0.4156346319962645,0.005211796339369882,0.54679061794281,0.0324086090016166,0.8162333333333333,0.009828699473141552,0.18376666666666666,0.009828699473141552,41.8700917561849,0.00975963985298968
4,32,0.4097584379552677,0.006124124246772755,0.6047909267425537,0.0348370740407448,0.7996666666666666,0.012023865157815629,0.20033333333333334,0.012023865157815629,41.97117360432943,0.008471018078736871
4,33,0.39935565727801786,0.006526656225383416,0.5996050677299499,0.06813835866346628,0.8083,0.020488777415941645,0.19169999999999998,0.020488777415941645,42.06983439127604,0.007056004536365558
4,34,0.3923781993850519,0.0031746670671010807,0.547525082874298,0.05054121308855884,0.8225333333333333,0.011353119982336748,0.17746666666666666,0.011353119982336748,42.1693483988444,0.005590563893858251
4,35,0.3816732681671575,0.0026511080102673474,0.536024335304896,0.012991585319282626,0.8239666666666666,0.00373139830805199,0.17603333333333337,0.00373139830805199,42.26502482096354,0.009222792824377267
4,36,0.37837923889168285,0.005873510755139931,0.531655826552709,0.05502570171452972,0.8249666666666666,0.015916134371553068,0.1750333333333333,0.015916134371553068,42.363119761149086,0.011069543142374821
4,37,0.3698624656023577,0.008483816507420685,0.5796030072530111,0.026059370609235147,0.8113999999999999,0.006803675477269627,0.18860000000000002,0.006803675477269627,42.458596547444664,0.00828840961817218
4,38,0.3603740679917941,0.0071557929208744845,0.5382161479949952,0.05705434635472497,0.8279666666666667,0.01730789800447567,0.1720333333333333,0.01730789800447567,42.55140050252279,0.012279280199883787
4,39,0.3538386075799524,0.007165318195646964,0.5269940959294637,0.012150398647132415,0.8264,0.0084041656337795,0.17359999999999998,0.0084041656337795,42.6446418762207,0.014786029868444343
4,40,0.3497941800395546,0.003420789635567121,0.589971324857076,0.06198118713970372,0.8169999999999998,0.015537374295549442,0.18300000000000002,0.015537374295549442,42.739627838134766,0.015368731197794201
4,41,0.3419074158026231,0.010418886055179601,0.505213604815801,0.026423329909668353,0.8361666666666667,0.007261083482052343,0.1638333333333333,0.007261083482052342,42.831764221191406,0.01873657326658225
4,42,0.34032523478337673,0.0063901781697536025,0.5434000763893128,0.028537695756469545,0.8266,0.009439809320108131,0.1734,0.009439809320108131,42.924495697021484,0.01565370353986061
4,43,0.33061439700850237,0.005044167664213791,0.5961990749518077,0.04942734762301477,0.8081333333333333,0.012029269858696042,0.1918666666666667,0.012029269858696042,43.01464716593424,0.01690526696515488
4,44,0.3245937027996255,0.006555074523188164,0.49746639698346456,0.008597665172536231,0.8386333333333335,0.0032624121954979105,0.16136666666666666,0.0032624121954979105,43.10556666056315,0.019909681012819636
4,45,0.3201335517964298,0.006147004551226532,0.5168961530208588,0.04566017107268869,0.8364333333333334,0.013609677929081705,0.16356666666666667,0.013609677929081705,43.197428385416664,0.020196828242460534
4,46,0.31708554358230323,0.0012193171773015273,0.5061462255636852,0.0363849820024948,0.8395333333333334,0.009833785300347685,0.16046666666666665,0.009833785300347685,43.28812917073568,0.020000345473647586
4,47,0.3102087334929016,0.004245007769148937,0.5359067952632904,0.0680851170807846,0.8339333333333334,0.017542614780395014,0.16606666666666667,0.017542614780395014,43.37758763631185,0.01850478004861904
4,48,0.30453182546023316,0.010516831887035198,0.5716175398190816,0.0954362529277213,0.8179666666666666,0.02574224802408161,0.18203333333333335,0.02574224802408161,43.4673703511556,0.0183744334598711
4,49,0.2997248378302029,0.00721564896265453,0.5752058541456858,0.05840341823496351,0.8233999999999999,0.013243488966280723,0.1766,0.013243488966280723,43.557613372802734,0.020127058558717714
4,50,0.2949082412632327,0.009029382066867198,0.4988245715459188,0.03668505482405014,0.8409,0.009713907555664699,0.1591,0.009713907555664697,43.64932632446289,0.02184251784171563
6,1,2.65998869346739,0.08802233763975954,1.9923417524973555,0.023536397546636723,0.2359,0.004968903299521947,0.7641,0.004968903299521943,38.25080108642578,0.38178346726836976
6,2,1.9028833943966201,0.04518600140258546,1.8907725177129109,0.11664755294024458,0.29696666666666666,0.021638930965584547,0.7030333333333333,0.021638930965584526,38.31731414794922,0.35499974807439955
6,3,1.7550539687872948,0.055006088952315846,1.6680286942164102,0.03358147704722432,0.36569999999999997,0.013715319901482422,0.6343,0.013715319901482446,38.43944295247396,0.31998440489102553
6,4,1.6220027908543084,0.05683926022165662,1.6374371445337932,0.10071251212096428,0.3945,0.039131445156037864,0.6055,0.03913144515603788,38.586961110432945,0.27787173082485905
6,5,1.5054899738674374,0.07889547510293793,1.4986168446858723,0.07119405872257392,0.4506333333333334,0.029394273818778613,0.5493666666666667,0.029394273818778616,38.750345865885414,0.25305897770187924
6,6,1.4093528242062423,0.09214860573608748,1.3578542999903362,0.08860429544640006,0.4975666666666667,0.028881885903336263,0.5024333333333333,0.028881885903336284,38.9250742594401,0.2297703318108279
6,7,1.31952078842446,0.09050151341846026,1.3400968767484027,0.15598227183392505,0.5214333333333333,0.05499002939927689,0.47856666666666664,0.05499002939927689,39.1085573832194,0.22183467656442438
6,8,1.2248181108217004,0.09414763048000507,1.3146665697097777,0.10969236411806381,0.5304333333333333,0.03640965989038257,0.4695666666666667,0.0364096598903826,39.28868865966797,0.22277034644004856
6,9,1.1461492928804136,0.08518331654299015,1.219896915213267,0.026556604562730107,0.5722333333333333,0.00882118661707898,0.4277666666666667,0.00882118661707898,39.4637565612793,0.21715596425508704
6,10,1.0683715778441887,0.07836174541557098,1.2189312920888264,0.1027854250360412,0.5859333333333333,0.016940287286033057,0.41406666666666664,0.016940287286033057,39.62296040852865,0.21105041965778965
6,11,1.0095466516105314,0.06639290460690529,1.0586409096082052,0.14907728741525958,0.6324666666666666,0.04944394132078606,0.36753333333333327,0.04944394132078606,39.781777699788414,0.2066900838297955
6,12,0.9509574092562546,0.05974666132427487,1.2193575387954712,0.26113460605656297,0.6031,0.0552772104940182,0.39690000000000003,0.0552772104940182,39.93314997355143,0.195761229251362
6,13,0.9046638750765736,0.04562636897086733,1.017856745560964,0.06786303939248332,0.6519333333333334,0.01468684218385058,0.3480666666666667,0.01468684218385058,40.0884895324707,0.18817446312847202
6,14,0.8569505159304067,0.040415198859814386,0.9380387922922769,0.03850511749583066,0.6781333333333334,0.008281505499203208,0.3218666666666667,0.008281505499203208,40.2413330078125,0.17217505705857178
6,15,0.8136406303569993,0.03443070141828522,0.947565138721466,0.06210641510404207,0.6819000000000001,0.009109884741312585,0.3181,0.009109884741312585,40.387943267822266,0.16928929795504208
6,16,0.7715086398323886,0.029652315265721842,0.8998270220438638,0.14901200101834758,0.6995333333333332,0.03544987070968431,0.3004666666666667,0.03544987070968431,40.52646509806315,0.16238647796464745
6,17,0.7388902499649328,0.02820934906668265,0.9966890925089519,0.08010762722948825,0.6736333333333334,0.015895387171545493,0.32636666666666664,0.015895387171545493,40.66378529866537,0.15774754754692497
6,18,0.7105257081507824,0.022734104569798283,0.8607864907423655,0.021922929523901076,0.7050000000000001,0.015604166110369381,0.295,0.015604166110369381,40.792561848958336,0.14878456856367445
6,19,0.6762302311332634,0.02230899067956289,0.856800646909078,0.1561204738758882,0.7199333333333332,0.0410117462848552,0.28006666666666663,0.0410117462848552,40.91517130533854,0.14412514286017356
6,20,0.6520133226322294,0.01916261055818285,0.7397854217688242,0.02343867405574839,0.7517999999999999,0.0035085609585697804,0.24819999999999998,0.0035085609585697804,41.034080505371094,0.1364425559587754
6,21,0.6279461249162881,0.01385347101880248,0.7908231821378072,0.037611228204394255,0.7374333333333333,0.005755287424041766,0.26256666666666667,0.005755287424041766,41.15119171142578,0.12866734254507478
6,22,0.6097298731228681,0.020516514365897458,0.7867537314732869,0.11460901904859273,0.7353000000000001,0.03836521862312271,0.2647,0.03836521862312271,41.26539103190104,0.1261917259655823
6,23,0.5940221231002026,0.02071009318561344,0.7708323403994243,0.1730710931044114,0.7481666666666666,0.044301730590726736,0.2518333333333333,0.044301730590726736,41.37621561686198,0.11824069127900068
6,24,0.5733404652186164,0.017156501237551525,0.7791732930660248,0.14207785197477485,0.7505666666666667,0.03326715096507865,0.2494333333333333,0.03326715096507865,41.48497517903646,0.11102411013246688
6,25,0.5602307449216428,0.02263470538979825,0.7318550328095754,0.05262698366528189,0.7605666666666666,0.024385514826087494,0.2394333333333333,0.024385514826087494,41.59304428100586,0.10917545700503227
6,26,0.5417166115987636,0.018396799386276877,0.6886281577746073,0.024567202664838982,0.7725333333333332,0.007328255817951025,0.22746666666666668,0.007328255817951025,41.698655446370445,0.10430185991180323
6,27,0.5253168177574187,0.014416510040030988,0.6558811398267745,0.04493065008443778,0.7842333333333333,0.02072422093429166,0.21576666666666666,0.02072422093429166,41.799704233805336,0.09489581394377465
6,28,0.5146292889362102,0.015601490770097391,0.6963717124303183,0.11687708305054467,0.7746333333333334,0.03668846321847422,0.2253666666666667,0.03668846321847422,41.9045295715332,0.09025580276396596
6,29,0.4982828517704059,0.016599536637935824,0.6923261698722839,0.10873101967644032,0.7754666666666666,0.02521692553292993,0.22453333333333333,0.02521692553292993,42.00341796875,0.08740443629751443
6,30,0.49146142632455164,0.012401951486671978,0.6269138190984727,0.06053262894795011,0.7955333333333333,0.01625863872940581,0.20446666666666669,0.01625863872940581,42.10481389363607,0.08268651174577449
6,31,0.4769967218697427,0.015141242852768208,0.647472575600942,0.021328680935675207,0.7864,0.0046872166581031945,0.21359999999999998,0.0046872166581031945,42.20262781778971,0.0829329227631605
6,32,0.4664855435274649,0.015162742244271514,0.6147478423913321,0.012819778398030168,0.7983000000000001,0.002615339366124409,0.2017,0.002615339366124409,42.298205057779946,0.0820052615695323
6,33,0.45465915352233127,0.013570435745677834,0.6571862568537394,0.0903168730113423,0.7913,0.021264759580112827,0.2087,0.021264759580112827,42.39116923014323,0.07900951085621331
6,34,0.44804532578229295,0.010898775006772617,0.5858570728937785,0.08105510664806907,0.8064333333333332,0.022684208898115274,0.19356666666666666,0.022684208898115274,42.48897043863932,0.07162396231153334
6,35,0.434514714514508,0.015278155988492316,0.6248800740003585,0.13160012178023223,0.797,0.03380399384688146,0.20299999999999999,0.03380399384688146,42.57936477661133,0.07294256985208078
6,36,0.42622584479290104,0.013550326368641133,0.6114856129487356,0.1047634360880214,0.8022333333333332,0.029821189334654854,0.19776666666666665,0.029821189334654854,42.6725705464681,0.073996521983684
6,37,0.41766653407463533,0.009014160237561165,0.5798270055452983,0.036423222320833504,0.8085666666666667,0.009416120928138772,0.19143333333333334,0.009416120928138772,42.758463541666664,0.06846798474374978
6,38,0.412003334995934,0.012434538551402419,0.6155955956935882,0.053699717735717904,0.8030333333333334,0.012354081646700122,0.1969666666666667,0.012354081646700122,42.84672419230143,0.066796853451407
6,39,0.4029188205163294,0.009458502528006613,0.5649687460104624,0.055654053220108385,0.8140333333333333,0.015570591939079706,0.1859666666666667,0.015570591939079708,42.938028971354164,0.06375418144540833
6,40,0.3978657427371717,0.008551004520486214,0.5924829238255819,0.05274656931715908,0.8113,0.009374433316206372,0.1887,0.009374433316206372,43.03104019165039,0.06174986582039511
6,41,0.38754762012991045,0.00981265881490094,0.6400418670813243,0.05016860029350341,0.7945666666666668,0.01934356051334223,0.20543333333333336,0.01934356051334223,43.121070861816406,0.057575714639009026
6,42,0.38320130958378257,0.00878654122490512,0.5294914217710495,0.05352023110443765,0.8287666666666667,0.017708849012099435,0.17123333333333335,0.017708849012099435,43.211282094319664,0.05684530547376267
6,43,0.37429429613568294,0.011272806298035927,0.6062667709668478,0.07583445853895876,0.8092,0.021758446635732072,0.19079999999999997,0.021758446635732072,43.29823303222656,0.05729906367024738
6,44,0.36959001987232476,0.012172951339001764,0.5874038335959116,0.06725720263041417,0.8145000000000001,0.016284041267449586,0.1855,0.016284041267449586,43.386555989583336,0.062150165690793166
6,45,0.3618147209705904,0.0057931039493858486,0.5188921085755029,0.03707682761491226,0.8332,0.00864812118323975,0.16679999999999998,0.00864812118323975,43.475213368733726,0.059578480870534814
6,46,0.3577856185694383,0.012271879374813069,0.6195406018098195,0.0642212839037161,0.8070333333333334,0.014918891826584641,0.1929666666666667,0.014918891826584641,43.56427129109701,0.06109108714587589
6,47,0.34700052017141186,0.008218279551089369,0.5678151173512141,0.09254050314248997,0.8183666666666666,0.026193574275637396,0.18163333333333334,0.026193574275637396,43.64875284830729,0.06283338698300867
6,48,0.34449212430942194,0.00866179893081541,0.5959322544733684,0.04792948927487544,0.8130666666666667,0.015130873515211663,0.1869333333333333,0.015130873515211663,43.735757191975914,0.06372760151345236
6,49,0.3382150723780715,0.006313994143814482,0.5449497805595398,0.09063033519883126,0.8269666666666667,0.02170261121002111,0.17303333333333337,0.02170261121002111,43.818424224853516,0.06325946773952965
6,50,0.33413607899642667,0.00651432435937879,0.5306155166308085,0.06077461461080815,0.8294,0.01801443865348016,0.1706,0.01801443865348016,43.90230051676432,0.06162136619426281
8,1,2.949291671125277,0.13927550693808466,2.1444144807179772,0.06036906200140382,0.18336666666666668,0.014145435070485936,0.8166333333333333,0.014145435070485974,39.04380544026693,0.6992747325071791
8,2,2.044306590530675,0.05584702405696904,1.9507227478027342,0.04853618445080222,0.25543333333333335,0.018909345132323688,0.7445666666666666,0.018909345132323684,39.058247884114586,0.692731478804329
8,3,1.903320551223462,0.031811213630645874,1.9041115662256878,0.10968565949621385,0.2729,0.026841758511692185,0.7271000000000001,0.02684175851169216,39.1207160949707,0.6885392255728331
8,4,1.7991778304814685,0.044719182427180086,1.7065414471308389,0.07380261180381903,0.36539999999999995,0.03339865266743556,0.6346,0.03339865266743559,39.21206792195638,0.6817370256256162
8,5,1.706553021761869,0.061076474577342846,1.6630958442052206,0.0460209352684623,0.3784666666666667,0.02367368440554475,0.6215333333333333,0.023673684405544727,39.313087463378906,0.6722374773298486
8,6,1.6208926473838694,0.06304826302426683,1.6032130617141724,0.060191969144144666,0.3962666666666666,0.025403411844343523,0.6037333333333333,0.025403411844343554,39.42131551106771,0.6551022659612303
8,7,1.5576450153994745,0.07493525762994738,1.6182252217610678,0.08805463699863628,0.40009999999999996,0.0390061533607199,0.5999,0.03900615336071993,39.557745615641274,0.6484708327865213
8,8,1.473977020532782,0.086327043210488,1.4864386527379352,0.08698789183108084,0.4594666666666667,0.03180602668258537,0.5405333333333333,0.031806026682585406,39.702047983805336,0.644492797268203
8,9,1.4104247662315792,0.08795706339284023,1.3469858172098796,0.12987504609735215,0.49943333333333334,0.056562296040147904,0.5005666666666667,0.056562296040147904,39.8645388285319,0.6424276794677362
8,10,1.3251743551410373,0.10930747236765039,1.4056202322006224,0.05192110151890253,0.49423333333333336,0.025732145913882405,0.5057666666666667,0.025732145913882405,40.02490234375,0.6357074909618565
8,11,1.2480896762671474,0.10140768313131594,1.3397400762240093,0.16821421771515843,0.5226,0.05391688047355854,0.47740000000000005,0.05391688047355856,40.18694559733073,0.6375130995348071
8,12,1.192305490590524,0.1124405844525818,1.3484704332351685,0.09370587279092919,0.5353,0.032166286698964805,0.46469999999999995,0.032166286698964805,40.35731506347656,0.6326991901526283
8,13,1.117681878454545,0.1049298925663156,1.202949388027191,0.06017735514400908,0.5771666666666667,0.027512966639992392,0.42283333333333334,0.027512966639992392,40.514217376708984,0.6259438878989751
8,14,1.0658736957105326,0.1070858810633684,1.1226377396583558,0.15565108753110113,0.5995666666666667,0.05924274920471981,0.40043333333333336,0.059242749204719815,40.67604192097982,0.6250915148506164
8,15,1.0016620452853218,0.11475904560147195,1.165653671391805,0.05731935776949251,0.5989333333333333,0.019004297759542033,0.4010666666666667,0.019004297759542033,40.832176208496094,0.6182172520016623
8,16,0.9540567939746918,0.11398103607353155,1.1548261752446491,0.1621057439860331,0.6107,0.043769966872274406,0.3893,0.043769966872274406,40.98421986897787,0.6161424344987777
8,17,0.9078210108522056,0.0996295929503168,0.93476591574351,0.06827320298257471,0.6725666666666666,0.027800059951973728,0.3274333333333333,0.027800059951973728,41.128475189208984,0.6214090862146985
8,18,0.8644531751329433,0.10064525539095812,1.2822861306826274,0.3478760315872092,0.6062,0.06695199772971677,0.3938,0.06695199772971677,41.265942891438804,0.6124533463640237
8,19,0.8250970486789714,0.08410806798220621,0.9405055197397868,0.14077672391895613,0.6803,0.0502912517243307,0.3197,0.0502912517243307,41.399871826171875,0.6099567649129569
8,20,0.7852663147784865,0.0826053143907783,0.8882914817810059,0.07608794530420421,0.6894,0.02991805474959896,0.31060000000000004,0.029918054749598955,41.53256479899088,0.6021794886938261
8,21,0.7608106495575934,0.07351282197272613,0.8052278004964193,0.07051965117140184,0.7241,0.030716119546583313,0.2759,0.030716119546583313,41.665547688802086,0.6039383458263058
8,22,0.720744027506055,0.07811122844817474,0.8349411103089651,0.1221627895151449,0.7153,0.03681018880690507,0.2847,0.03681018880690507,41.78669865926107,0.6103560311193598
8,23,0.6912457313124989,0.06182138878573376,0.7254171116828919,0.09209951148814458,0.7493666666666666,0.029312852698659915,0.2506333333333333,0.029312852698659915,41.902061462402344,0.6049549300861555
8,24,0.6716229807639468,0.05134825082936172,0.8045888511975606,0.02688050777153412,0.7352666666666666,0.004007908847932235,0.2647333333333333,0.004007908847932235,42.019387563069664,0.603337170536816
8,25,0.6431917283439473,0.050548187696938744,0.8633411981900533,0.06263934955619423,0.7171333333333333,0.006123996516437044,0.28286666666666666,0.006123996516437043,42.12979634602865,0.5950711005046391
8,26,0.6241694760698593,0.04885806427346406,0.6975251225630442,0.1030677498174833,0.7631333333333332,0.036246011274805555,0.23686666666666667,0.03624601127480555,42.23851776123047,0.5888198822467438
8,27,0.6067561850218517,0.04729631462200358,0.7009500907262166,0.030463834699587113,0.7652,0.0102014704822393,0.2348,0.0102014704822393,42.34405263264974,0.5858014382563971
8,28,0.5819419449400108,0.04439959994994965,0.7037964173634847,0.13525105097308832,0.7637333333333333,0.041303914261645175,0.23626666666666665,0.041303914261645175,42.44726308186849,0.5888622726951442
8,29,0.5646695526664519,0.038718812508725685,0.677873354657491,0.008571339639463679,0.7696333333333333,0.005378041774971028,0.2303666666666667,0.005378041774971028,42.547218322753906,0.58559516939953
8,30,0.5530986949255197,0.036200597587033485,0.6694512100378672,0.05781816513309424,0.7745333333333333,0.019058418962058028,0.22546666666666668,0.019058418962058028,42.64536921183268,0.5829244009815824
8,31,0.5378732518416028,0.03209190365779251,0.6513186532656352,0.057362263578299245,0.783,0.015848974730246733,0.21699999999999997,0.015848974730246733,42.74248504638672,0.5787633785819774
8,32,0.5239244934238131,0.03311616412512479,0.6800100695927939,0.025110293162396807,0.7802666666666668,0.013483817461436266,0.21973333333333334,0.013483817461436266,42.839831034342446,0.5778218502988183
8,33,0.5103842167649021,0.03710471524057513,0.7686930104891458,0.1199346602542364,0.7534666666666666,0.03081952844112533,0.2465333333333333,0.03081952844112533,42.932412465413414,0.571638832862054
8,34,0.5015534635344226,0.028369138609376728,0.6451040731430053,0.06158145962275119,0.7878,0.01923512412229256,0.21220000000000003,0.01923512412229256,43.030357360839844,0.5661851477978433
8,35,0.488640045697935,0.03298285068139941,0.643866636689504,0.08055026936996793,0.7848333333333333,0.02904502252251376,0.21516666666666664,0.02904502252251376,43.124515533447266,0.567228132712413
8,36,0.4764562052407025,0.024349269771367973,0.5999892807324727,0.05981248363207033,0.8046000000000001,0.01862766759419973,0.19540000000000002,0.01862766759419973,43.21581904093424,0.5635172709287175
8,37,0.4648848620115542,0.023514100821398185,0.587447755908966,0.02589936063539361,0.8032666666666667,0.008868107652331068,0.19673333333333332,0.008868107652331068,43.30375417073568,0.5615757999979429
8,38,0.4617931510608418,0.029150443299288977,0.6022653257211049,0.07988669352541812,0.8053666666666667,0.018998508713405218,0.19463333333333332,0.018998508713405218,43.39592615763346,0.5584912085810028
8,39,0.44475965814161583,0.023147011509416067,0.6181719179471333,0.0431956892915802,0.7984666666666667,0.013353775995325595,0.20153333333333331,0.013353775995325595,43.48131561279297,0.554450884666232
8,40,0.4433153116692871,0.018915763901089237,0.6561536350250244,0.12451146153508318,0.7911333333333334,0.03238662275281776,0.20886666666666667,0.032386622752817756,43.57585016886393,0.5489383606785132
8,41,0.4304141953828898,0.028057843683354376,0.5937937754631042,0.03985499478564005,0.8062333333333335,0.007392112914000511,0.19376666666666664,0.007392112914000511,43.664530436197914,0.5460562228500517
8,42,0.41990881147083825,0.020742287073829562,0.5906792318026225,0.044229669812503536,0.8099666666666666,0.011386980869981925,0.1900333333333333,0.011386980869981925,43.748844146728516,0.5398290134017041
8,43,0.4135812455176901,0.022646457356602184,0.5508922782262167,0.03520942407500061,0.8167666666666666,0.012371472561232692,0.18323333333333336,0.012371472561232692,43.83375930786133,0.5391279583385348
8,44,0.4074124268685664,0.022641904326953607,0.5388344105561574,0.03286763868495373,0.8231666666666667,0.008609490886999851,0.17683333333333331,0.008609490886999851,43.91956456502279,0.5366440790830236
8,45,0.3955561150903897,0.01879441520959899,0.6029584342320761,0.03644558322733338,0.8048333333333333,0.008390669421049424,0.19516666666666668,0.008390669421049424,44.004746754964195,0.5327075099015929
8,46,0.39096298652485917,0.026372720824722303,0.5450320367018381,0.049907291193942445,0.8220666666666667,0.016308382302770943,0.17793333333333336,0.016308382302770943,44.08844884236654,0.5320109372192566
8,47,0.3842130865257008,0.02006502178669134,0.5668154417832693,0.09698573591700964,0.8137333333333333,0.026059994883601452,0.1862666666666667,0.026059994883601452,44.17232894897461,0.5322614382359869
8,48,0.3800958151605936,0.022330771218442076,0.5466782116572062,0.03754237079866232,0.8198,0.012740094191174594,0.1802,0.012740094191174594,44.259961446126304,0.531981857673017
8,49,0.3722826785138806,0.019274610945219494,0.550546588452657,0.04574127729352069,0.8218666666666666,0.011647460381273397,0.17813333333333334,0.011647460381273397,44.34430440266927,0.5247259642702147
8,50,0.36347154971888607,0.016165092178485958,0.5706852875391643,0.0852014666283876,0.8192333333333334,0.020545640251239016,0.18076666666666671,0.020545640251239016,44.42879740397135,0.5160689923702901
10,1,3.237558039456276,0.14712313007394257,2.2709478118896484,0.023820533415138463,0.15346666666666667,0.03200723876458782,0.8465333333333334,0.032007238764587824,40.355628967285156,1.060960678023266
10,2,2.1799605299241507,0.08073021869565984,2.095226672871908,0.09366310141775017,0.20836666666666667,0.047621668737386054,0.7916333333333334,0.04762166873738605,40.3090934753418,1.0705828127114005
10,3,2.059063971499958,0.08449184345524276,1.9934875306447346,0.08761010584262467,0.24866666666666667,0.026501572280401287,0.7513333333333333,0.0265015722804013,40.309549967447914,1.0746717343510044
10,4,1.949898638282184,0.06274640723433607,1.9532454430898032,0.21310482529085273,0.2813666666666667,0.0525222175210961,0.7186333333333333,0.05252221752109615,40.3602180480957,1.0792587523077104
10,5,1.8373183348396347,0.06671938688807745,1.831820163154602,0.06624589189458155,0.316,0.019430131239906757,0.684,0.019430131239906723,40.43279139200846,1.0741689875055638
10,6,1.7485837618306672,0.06159813235982635,1.7206803435007731,0.06235408557998009,0.3647,0.021144029890255087,0.6353,0.021144029890255087,40.527323404947914,1.0774430746526586
10,7,1.6722713547289525,0.07794448197153497,1.6264733963012692,0.019683920342520218,0.38809999999999995,0.0068505474233815965,0.6119,0.006850547423381599,40.62673823038737,1.0673848606396916
10,8,1.597731736818136,0.08795188747255525,1.598490793609619,0.03307668065322885,0.4129666666666667,0.011950871655797038,0.5870333333333333,0.011950871655797066,40.7405891418457,1.0725103291553582
10,9,1.5200319947692336,0.1002921865117385,1.5366515557607014,0.08163810316712347,0.43216666666666664,0.03904437646234516,0.5678333333333333,0.03904437646234516,40.85046641031901,1.0645670488370664
10,10,1.4658730185550193,0.10371901689771434,1.604172158495585,0.10308444428043567,0.4282333333333333,0.012850810609970637,0.5717666666666666,0.012850810609970668,40.975135803222656,1.0671299411497368
10,11,1.4051162589846362,0.11377863534698505,1.4665906038284302,0.06605847754673874,0.46959999999999996,0.025450147347314114,0.5304000000000001,0.025450147347314104,41.11041132609049,1.073389509103789
10,12,1.3421742992836088,0.10478083548509957,1.3821292023976646,0.1185150930770374,0.5040666666666667,0.052624075605499546,0.49593333333333334,0.05262407560549953,41.24615987141927,1.0762530405947839
10,13,1.2779897273044147,0.11195292660086828,1.3473905133565267,0.06131208142285259,0.5253,0.027866287876213442,0.47469999999999996,0.02786628787621341,41.383993784586586,1.074041694741875
10,14,1.2162496519210697,0.11674294996460793,1.2770509896596274,0.0387383961190916,0.5395666666666666,0.02323840212521794,0.4604333333333333,0.02323840212521794,41.523565928141274,1.0608482098794736
10,15,1.1607741521447517,0.08993623914587731,1.2460566832860311,0.05676516916617125,0.5497666666666666,0.026924400333774072,0.4502333333333333,0.026924400333774075,41.665077209472656,1.0610910631727326
10,16,1.1203219499835984,0.09954684094797916,1.3816484640757245,0.23594650830708047,0.5301999999999999,0.04323343613454755,0.46980000000000005,0.04323343613454754,41.82137934366862,1.0557743413803296
10,17,1.0675810907807801,0.08887396972781104,1.1934482268333435,0.17904990863322637,0.5861333333333333,0.051488089237544374,0.41386666666666666,0.051488089237544374,41.9701182047526,1.0606671023093066
10,18,1.0123876561390877,0.09098918689329075,1.0767861433347068,0.12719868113625962,0.6214333333333334,0.047689970993211324,0.37856666666666666,0.047689970993211324,42.10949961344401,1.0571752716198515
10,19,0.9664691663255879,0.08590141568574311,1.0856945810953775,0.03092216373614875,0.6224666666666666,0.018207782218967038,0.37753333333333333,0.018207782218967038,42.24208068847656,1.065154332463822
10,20,0.9285685481012934,0.08871328057522296,1.0284015187581381,0.0961437348546947,0.6413333333333333,0.027686157792899516,0.3586666666666667,0.027686157792899516,42.37994893391927,1.0528489344393457
10,21,0.8800481561403038,0.06551817191452584,0.9847317364692688,0.06146056561509828,0.6647333333333333,0.01311881600348648,0.33526666666666666,0.01311881600348648,42.50525156656901,1.050843060970694
10,22,0.8448031114037994,0.06519328298449316,0.886216421477,0.026263104785335757,0.6926333333333332,0.00970274875142777,0.3073666666666667,0.00970274875142777,42.63002904256185,1.049598180026288
10,23,0.8123464923787097,0.06464220068530183,0.909998594156901,0.03706934257893073,0.6863666666666667,0.012979342561675992,0.3136333333333333,0.012979342561675992,42.75248336791992,1.032984481042445
10,24,0.775615644678537,0.05795761489264172,0.8523734095573426,0.07335556366263643,0.7083333333333334,0.02412764665965858,0.2916666666666667,0.02412764665965858,42.86563237508138,1.026638461291446
10,25,0.7503574163814131,0.04704430152269495,0.7890786748568216,0.049274200045294925,0.7252333333333333,0.014671855142869108,0.27476666666666666,0.014671855142869108,42.97551600138346,1.0216808376070183
10,26,0.720552954247947,0.04717757235268619,0.8150542924563089,0.03973101838851087,0.7217333333333333,0.014007973919640704,0.2782666666666667,0.014007973919640702,43.083882649739586,1.011781336179838
10,27,0.7001287365508505,0.03529547384604804,0.887326835711797,0.14423210782939588,0.7040000000000001,0.04480234368869558,0.296,0.044802343688695574,43.1929562886556,1.0039618439997227
10,28,0.6807591710350804,0.04568178064112174,0.7342245065848033,0.03201140207069376,0.7511666666666666,0.007777746031681227,0.24883333333333332,0.007777746031681227,43.302801767985024,0.9941456996399468
10,29,0.6579916864658967,0.03235475021030335,0.7565461267153423,0.0727262600235379,0.7433,0.021582168565739645,0.2567,0.021582168565739645,43.40139643351237,0.9949088080123217
10,30,0.6395920494480816,0.03792241705289312,0.7607082245031993,0.04509513593837653,0.7466666666666667,0.017873257490825068,0.25333333333333335,0.017873257490825068,43.501593271891274,0.990505454650609
10,31,0.62102363514575,0.03168964594911395,0.6838305578549703,0.055648576585535424,0.7669,0.017171779173981924,0.2331,0.017171779173981924,43.59716924031576,0.9844534847192908
10,32,0.6002672563123581,0.028127172158644093,0.7167515684127808,0.014304606043861618,0.7627333333333333,0.0018339392937972185,0.23726666666666665,0.0018339392937972182,43.68486658732096,0.9746716030571286
10,33,0.5848448659910265,0.027266036777156312,0.7226526450792948,0.04993998573794961,0.7626333333333334,0.010709964207845615,0.2373666666666667,0.010709964207845615,43.77164967854818,0.9616556482523028
10,34,0.5820207129608131,0.03663904485333641,0.7018920681635539,0.04316149941754068,0.7645666666666667,0.011642307904076998,0.2354333333333333,0.011642307904076998,43.86505381266276,0.962579539646937
10,35,0.5576676947889628,0.026010632897873507,0.6296418022314706,0.013882516498258652,0.7873333333333333,0.007777746031681253,0.21266666666666667,0.007777746031681253,43.95235951741537,0.9504627424193789
10,36,0.5484727879466913,0.021924914188026053,0.6629378736813863,0.009757206445109518,0.7795333333333333,0.005818361739642267,0.22046666666666667,0.005818361739642267,44.042799631754555,0.9413243204715205
10,37,0.5395033846324261,0.022192083522959778,0.5875377497196198,0.01043854766048203,0.8005,0.0005999999999999894,0.19949999999999998,0.0005999999999999894,44.13180923461914,0.9290560486783596
10,38,0.5271351538655703,0.02232489086087128,0.6349190118789673,0.06662997965786786,0.7875333333333333,0.023026578845615223,0.2124666666666667,0.023026578845615223,44.213924407958984,0.9239677916503793
10,39,0.5116447472257281,0.02194047129248334,0.64965007259051,0.09139192341300623,0.7846666666666667,0.024051888352753775,0.21533333333333335,0.024051888352753775,44.29592259724935,0.9196749094580742
10,40,0.5036581847673792,0.019727101408621887,0.6316952722708384,0.027056878791672605,0.7909,0.007899999999999997,0.20909999999999995,0.007899999999999997,44.37568028767904,0.909053929858637
10,41,0.49249068298913024,0.02310303089117713,0.6438340397834778,0.059101709827332705,0.7853333333333333,0.016227856707936923,0.21466666666666667,0.016227856707936923,44.4569460550944,0.9015332397401026
10,42,0.48355018645397946,0.015178708576572008,0.7168768505732218,0.08727741132851025,0.7685,0.01773668514689257,0.2315,0.01773668514689257,44.535213470458984,0.8940288854954797
10,43,0.4752868306199811,0.01836700891118532,0.6081253740946452,0.022396308542754626,0.7969,0.010479980916013128,0.20309999999999997,0.010479980916013126,44.61494445800781,0.8909040691523438
10,44,0.46688335682984,0.02152699590041595,0.568763251332442,0.012008957353480319,0.8092,0.0024515301344262587,0.1908,0.0024515301344262587,44.6929562886556,0.8882222728188264
10,45,0.4567474242036198,0.014998608202122714,0.6244686458269755,0.014791038938863401,0.7945000000000001,0.005963220606350242,0.2055,0.005963220606350242,44.770103454589844,0.8791945415866389
10,46,0.4557420233072425,0.02586075569309553,0.5617425498565037,0.032177558528296034,0.8111,0.009043782394551529,0.18890000000000004,0.00904378239455153,44.85124206542969,0.8748646820453093
10,47,0.4387259380185289,0.01422141810009302,0.6443448491732279,0.078105056360886,0.791,0.01705021993993039,0.209,0.01705021993993039,44.92988713582357,0.8699349925339248
10,48,0.4357221965747112,0.012471061454498163,0.5495029299736023,0.031195006504734352,0.8147666666666668,0.0101105555402922,0.18523333333333333,0.0101105555402922,45.007677714029946,0.8595234103902378
10,49,0.4252387060635332,0.015383034127816497,0.6280164107163747,0.18129550662077706,0.7961999999999999,0.047409809111617365,0.2038,0.047409809111617365,45.080013275146484,0.8544652522814581
10,50,0.4230124606653248,0.011840055524299278,0.535174957370758,0.036915500385666176,0.8200666666666666,0.011816231773849618,0.17993333333333336,0.01181623177384962,45.158196767171226,0.8477718309796521
