num_workers,epoch,mean_train_loss,std_train_loss,mean_test_loss,std_test_loss,mean_test_acc,std_test_acc,mean_test_error,std_test_error,mean_weight_norm,std_weight_norm
1,1,1.6808367933781942,0.006011029323407431,1.4052684733708698,0.04563543293975339,0.4875333333333334,0.016904535880447387,0.5124666666666666,0.016904535880447363,37.476993560791016,0.07850865925440928
1,2,1.2880631091054282,0.017525453448065647,1.1957132784207662,0.04667686152444557,0.5716666666666667,0.017212301802296326,0.4283333333333334,0.017212301802296326,37.59452692667643,0.07860440375989666
1,3,1.087113473002116,0.009965995260092675,1.0813936262130737,0.03547956251492649,0.6226999999999999,0.008545759182190924,0.37729999999999997,0.008545759182190924,37.72409184773763,0.07905101470277506
1,4,0.9530276383654277,0.005398659106844448,0.9836480343818664,0.03267367459034287,0.6582666666666667,0.008050672849727112,0.3417333333333333,0.008050672849727112,37.865814208984375,0.08316258917561628
1,5,0.8501066095161439,0.0019147952999888829,0.9253113702932994,0.03659196669666411,0.6798333333333333,0.00932434090610877,0.32016666666666665,0.00932434090610877,38.023946126302086,0.09018572168500226
1,6,0.7642621934890746,0.0016077930024301407,0.8806579567114512,0.039398005844487015,0.699,0.011321219015636073,0.301,0.011321219015636073,38.20832443237305,0.10000758487196793
1,7,0.6907791113917033,0.0007739798516510449,0.8817118793964386,0.04739586606929887,0.7067333333333333,0.01382184261715256,0.2932666666666667,0.01382184261715256,38.42370351155599,0.11105550295629985
1,8,0.6238900003019969,0.001896273088778149,0.890319695520401,0.045666105631120966,0.7104666666666667,0.01025199167641752,0.28953333333333336,0.010251991676417518,38.67695871988932,0.12523947954412304
1,9,0.5640430682086944,0.001437280026475107,0.9124440440018972,0.05836524186277974,0.7114666666666666,0.014086281742650636,0.2885333333333333,0.014086281742650636,38.97299448649088,0.14490799623200504
1,10,0.5069629119841258,0.003894499455231519,0.9534867699940999,0.057202386828896425,0.7099333333333334,0.014283673663778966,0.29006666666666664,0.014283673663778964,39.310540517171226,0.16422124201118965
1,11,0.4576161809921264,0.005810223294725315,0.9800433765967687,0.06298849807368023,0.7127,0.008301807032206877,0.2873,0.008301807032206877,39.690223693847656,0.18783737088127578
1,12,0.41427848262151085,0.005385360488953536,1.0318676310221353,0.05767250258259283,0.7099000000000001,0.009808669634563057,0.29009999999999997,0.009808669634563057,40.10546366373698,0.213500611516398
1,13,0.37566710066477454,0.0040188201645419055,1.063298527510961,0.031439614725910225,0.7155666666666667,0.00525959440768328,0.28443333333333337,0.00525959440768328,40.543643951416016,0.23837369532961955
1,14,0.34685049299240117,0.006984550047047056,1.0927698479970296,0.08836739925136786,0.7153666666666666,0.01058741391149572,0.28463333333333335,0.010587413911495721,41.003761291503906,0.2581386999595948
1,15,0.3143084702682495,0.008138520754130484,1.1564064150969189,0.0766777084629792,0.7128333333333333,0.01202719141501179,0.2871666666666666,0.01202719141501179,41.46605682373047,0.27829074211055627
1,16,0.2853943287626903,0.00799255774160777,1.169075567817688,0.08595577797938493,0.7214,0.01048427393766491,0.2786,0.01048427393766491,41.91863123575846,0.28968219812163826
1,17,0.2581715367031097,0.003487631490066234,1.2573104072093964,0.1128221784258984,0.7083666666666666,0.017034474847594624,0.29163333333333336,0.017034474847594624,42.36708450317383,0.3121989645175339
1,18,0.23741313673178355,0.00468965126573032,1.2257946918646496,0.06498261304781225,0.7197666666666667,0.011698005528009172,0.28023333333333333,0.011698005528009172,42.79870478312174,0.3239342899908973
1,19,0.2171332295012474,0.0035054482487652154,1.2713980649232866,0.08816122209720663,0.7186,0.010226925246622297,0.2814,0.010226925246622297,43.21111551920573,0.3308625967115389
1,20,0.1974322587768237,0.0013818964974152271,1.2586429809888204,0.1014748369030644,0.7257333333333333,0.013148890954500038,0.2742666666666667,0.013148890954500038,43.5981559753418,0.34215837071616734
1,21,0.17760508243242898,0.004328877559890763,1.3037302068312964,0.047756854905240245,0.7254666666666667,0.005589573627150242,0.27453333333333335,0.005589573627150242,43.95718256632487,0.3404447396220925
1,22,0.15885559792757034,0.0012004898918901627,1.329689891688029,0.09422057862919575,0.7232666666666666,0.011996805130255864,0.27673333333333333,0.011996805130255864,44.28886922200521,0.34855074611855386
1,23,0.15100357185204824,0.000444405101459417,1.3388595358689628,0.07635859771866503,0.7242000000000001,0.006781592733274381,0.2758,0.006781592733274382,44.61032740275065,0.3521115264176693
1,24,0.1315303138323625,0.004085449360320798,1.3913533800443014,0.09540204385404982,0.7257666666666668,0.013102035465275386,0.27423333333333333,0.013102035465275386,44.88302739461263,0.33951482136734146
1,25,0.12401025669813155,0.006495141876413188,1.431341017738978,0.07765033656368153,0.7229333333333333,0.005021288015373479,0.2770666666666667,0.005021288015373479,45.149060567220054,0.32122272187121476
1,26,0.11330539961695672,0.009530748017581553,1.4541007761319478,0.08687074710570632,0.7235666666666667,0.008360821331264832,0.27643333333333336,0.008360821331264832,45.3889414469401,0.296617880641622
1,27,0.10465882031679152,0.006363738869477839,1.416430697965622,0.06514079275911157,0.7336333333333332,0.009451631252505225,0.2663666666666667,0.009451631252505225,45.609362284342446,0.2965277763578804
1,28,0.0902675312525034,0.005948639870118948,1.465742319615682,0.08712255226395677,0.7281,0.005291502622129186,0.27190000000000003,0.005291502622129186,45.786146799723305,0.29986584320812626
1,29,0.08521133287608623,0.003969555022431057,1.4601731863021852,0.043850498983886724,0.7320000000000001,0.008598255637046373,0.26799999999999996,0.008598255637046373,45.95718765258789,0.29806823424753204
1,30,0.08294761611590784,0.007740350496591246,1.5105680462201434,0.06848876855262559,0.7309,0.012489995996796807,0.2691,0.012489995996796807,46.12018585205078,0.28713916797122835
1,31,0.06968434201379617,0.005202855412745333,1.5422144839286804,0.0341911748215401,0.73,0.0021794494717703263,0.26999999999999996,0.002179449471770326,46.23656972249349,0.26704341015630323
1,32,0.06878795496503512,0.012992633964179804,1.520853310139974,0.07901006921200701,0.7331666666666666,0.013748575683805692,0.2668333333333333,0.013748575683805692,46.35684585571289,0.2407188898840365
1,33,0.06616619155963262,0.010612296005100998,1.5391584886868792,0.03140709576107809,0.7324333333333334,0.004992327446525671,0.2675666666666667,0.004992327446525672,46.467559814453125,0.24108182350564877
1,34,0.06039167338132858,0.0027662970731199914,1.5474982847213745,0.06812402575924056,0.7361000000000001,0.004194043395102141,0.26389999999999997,0.00419404339510214,46.56084442138672,0.24778245525229767
1,35,0.057113919762869676,0.0037188432447711525,1.5653046657562255,0.059100297416501184,0.7338,0.008695401083331358,0.2662,0.008695401083331358,46.6447868347168,0.25443383390206553
1,36,0.04976206659595172,0.009287506607336245,1.583728542613983,0.0902886967256321,0.7370999999999999,0.009908077512817488,0.2629,0.00990807751281749,46.698036193847656,0.2508054171310051
1,37,0.04404522574325403,0.009884568148231892,1.5717327565670012,0.06834336016780386,0.7409666666666667,0.008763751099462662,0.25903333333333334,0.008763751099462662,46.72890853881836,0.28231623372898446
1,38,0.04077990861659248,0.010742135142088731,1.5720873245239257,0.06649878759482518,0.7423333333333334,0.010653324989567042,0.25766666666666665,0.010653324989567042,46.74790827433268,0.31709097223659416
1,39,0.03402974895119667,0.010721974216598084,1.5769748839696247,0.08835959220702688,0.7454666666666667,0.009750042734949102,0.25453333333333333,0.0097500427349491,46.737344106038414,0.36009136182996904
1,40,0.029277465915381908,0.010511980030239074,1.5692589193662008,0.07859974512084673,0.7460666666666667,0.006621429855652996,0.25393333333333334,0.006621429855652996,46.706854502360024,0.39619298149635435
1,41,0.022026574976593254,0.008708693928306161,1.5956738315264385,0.08423472567694218,0.7488333333333332,0.0074413260467024855,0.2511666666666667,0.007441326046702486,46.64150746663412,0.43210560903433237
1,42,0.016709462163175145,0.00978672407316578,1.6107752129554749,0.049420539211377894,0.7471333333333333,0.005291817583149781,0.25286666666666663,0.005291817583149781,46.54786046346029,0.47250182673598734
1,43,0.010255008009398978,0.006323710621835442,1.5746100323994956,0.04864453201564379,0.7519,0.007662897624267229,0.2481,0.007662897624267229,46.42117182413737,0.4937070899142248
1,44,0.005105078190844506,0.0033470097899521854,1.5580008822123208,0.058167919771027025,0.7564666666666667,0.006822267462752643,0.24353333333333335,0.006822267462752643,46.26617304484049,0.5059855556771653
1,45,0.0020081530366589623,0.00094109711066939,1.5537846813201905,0.06265172440451504,0.7584,0.009110982383914447,0.2416,0.009110982383914447,46.0948600769043,0.507419553029561
1,46,0.0011322507490652302,0.00025735561794141605,1.5531423672993976,0.06410710587067521,0.7585333333333334,0.008369189526670663,0.24146666666666664,0.008369189526670663,45.920570373535156,0.5063359102195637
1,47,0.000891710341622432,9.169184738670535e-05,1.5523129534721374,0.06510497578425951,0.7584333333333334,0.008504312631443687,0.24156666666666668,0.008504312631443687,45.74605178833008,0.5046743742700752
1,48,0.0007934400576477249,5.3168785025833865e-05,1.5513885855674745,0.06609972887323798,0.7581333333333333,0.008761468674448037,0.24186666666666667,0.008761468674448037,45.57183329264323,0.5028744313108666
1,49,0.0007322489574737847,3.782146382526046e-05,1.549683770052592,0.065427297858177,0.7580333333333332,0.007588368291888142,0.24196666666666666,0.007588368291888142,45.39805475870768,0.5010200362813113
1,50,0.0006889324748081465,2.9901695971090397e-05,1.5471329708099366,0.06579508469082831,0.7582666666666666,0.008192883090422641,0.24173333333333333,0.008192883090422641,45.22478739420573,0.49913901528563187
1,51,0.0006563396385281037,2.5789970664009432e-05,1.5449588101069132,0.06576744142231852,0.7580333333333332,0.008467782078757908,0.24196666666666666,0.008467782078757908,45.05207316080729,0.49723470444074713
1,52,0.0006312170345212022,2.3467078130880574e-05,1.5433363614718119,0.06666878541151604,0.7580666666666666,0.008120550063470655,0.24193333333333336,0.008120550063470655,44.87993876139323,0.4953237538051163
1,53,0.0006113459265635659,2.199790248687835e-05,1.5400112651189168,0.06630268916131367,0.7584333333333332,0.008052535832477453,0.2415666666666667,0.008052535832477453,44.70840326944987,0.49340616577347707
1,54,0.0005953287844142566,2.0947536691940758e-05,1.5374005963961286,0.06629864758178139,0.758,0.008550438585242282,0.24200000000000002,0.008550438585242282,44.53748575846354,0.49148194286426367
1,55,0.0005823667047048609,2.028871026770021e-05,1.533804524930318,0.06693950303615773,0.7583333333333333,0.008105142400558627,0.2416666666666667,0.008105142400558627,44.367193857828774,0.48955779043039815
1,56,0.0005717589453235268,1.9693942426974577e-05,1.5311179785092672,0.06746913768122888,0.7578666666666667,0.008512539769853262,0.24213333333333334,0.008512539769853262,44.19753392537435,0.4876380163980496
1,57,0.0005631031167010466,1.9205961619087405e-05,1.5275227707544963,0.06750438380559953,0.7579666666666666,0.00850490054811539,0.24203333333333335,0.00850490054811539,44.02851486206055,0.48571493883065586
1,58,0.0005559622460696846,1.8739300080692392e-05,1.5235502253214517,0.06739931384098759,0.7576666666666667,0.008305018563093873,0.24233333333333332,0.008305018563093873,43.860137939453125,0.4837974593132787
1,59,0.000550139300879091,1.83775596188236e-05,1.519798279285431,0.06819540546868195,0.7572333333333333,0.008564072240081433,0.2427666666666667,0.008564072240081433,43.69241205851237,0.48188108050034617
1,60,0.0005454197034363945,1.803808804820087e-05,1.5165032164891563,0.06760493339321662,0.7572,0.008953770155638363,0.24280000000000002,0.008953770155638363,43.525335947672524,0.47996697087213236
1,61,0.0005416151367903997,1.7735082208353066e-05,1.5129170294443766,0.06790217243124967,0.7569333333333333,0.008855694966140873,0.24306666666666668,0.008855694966140873,43.35891342163086,0.47805508517808637
1,62,0.0005386928890583416,1.7473978035059567e-05,1.5102559108098348,0.06779091423753976,0.7568333333333334,0.009500175436976599,0.24316666666666667,0.009500175436976599,43.19314320882162,0.47615315281688647
1,63,0.0005363924040521184,1.714418659783494e-05,1.50601993487676,0.06687815891981695,0.7570666666666667,0.009452160246913534,0.24293333333333333,0.009452160246913534,43.02803039550781,0.47425012000394146
1,64,0.0005347060358989983,1.687912780299148e-05,1.5028977615674337,0.06866871218313869,0.7568333333333332,0.009562600761996361,0.24316666666666667,0.009562600761996361,42.86356989542643,0.47235708096911644
1,65,0.0005335801373608411,1.6592794987524022e-05,1.4996074915568034,0.06831584328490915,0.7570333333333333,0.009816992071573293,0.24296666666666666,0.009816992071573293,42.69976806640625,0.47046846689279787
1,66,0.0005329060268495231,1.631369942216304e-05,1.4961998332659405,0.06851515903560479,0.7568333333333334,0.009651079386956321,0.24316666666666667,0.009651079386956321,42.53662109375,0.4685809941367376
1,67,0.0005326278243369113,1.6043403102707923e-05,1.492387022590637,0.06710327605987365,0.7573333333333333,0.009708415593356836,0.24266666666666667,0.009708415593356836,42.37412770589193,0.4667023889943797
1,68,0.0005327240526645134,1.5764090206336236e-05,1.488759552160899,0.06782557423748087,0.7572333333333333,0.00976234261503529,0.24276666666666666,0.00976234261503529,42.2122917175293,0.464829289653826
1,69,0.0005330779358682533,1.5411258902386694e-05,1.484707692972819,0.06788119875730951,0.757,0.009759610647971548,0.24300000000000002,0.009759610647971548,42.051106770833336,0.4629606515350309
1,70,0.0005337476004442822,1.5130893912865273e-05,1.4811523855845135,0.06949044461721005,0.7570333333333333,0.01000816333466503,0.24296666666666666,0.01000816333466503,41.890577952067055,0.4611019603854809
1,71,0.0005346929180466881,1.4848350362679345e-05,1.4787560151418049,0.06819656912169518,0.7571666666666667,0.010204084149659539,0.24283333333333335,0.010204084149659539,41.73069636027018,0.45924444136031567
1,72,0.0005357767696926992,1.4507431410041791e-05,1.4751239052772522,0.06829712714449626,0.7571333333333333,0.010427048160113857,0.24286666666666668,0.010427048160113857,41.57146962483724,0.45739462921233015
1,73,0.0005370887931094815,1.422431042424111e-05,1.4723088033994038,0.068278475738808,0.7571,0.010301456207740704,0.2429,0.010301456207740704,41.412888844807945,0.4555536772277011
1,74,0.000538535535375898,1.3944652544579809e-05,1.4694703379948935,0.06963176489931665,0.7571333333333333,0.010200163397384037,0.24286666666666668,0.010200163397384037,41.25495529174805,0.453717145674496
1,75,0.0005401411385834217,1.3617806649326796e-05,1.4656948146502176,0.06821299980304953,0.7571666666666667,0.01005700419276702,0.24283333333333332,0.01005700419276702,41.097670237223305,0.4518872695637925
1,76,0.0005418558800251534,1.3304659132443015e-05,1.4624597892761229,0.06842427904294839,0.7571,0.0102014704822393,0.2429,0.0102014704822393,40.94102478027344,0.45006181290428515
1,77,0.0005436742651027938,1.3010760181671215e-05,1.4595007941246034,0.06853258291024598,0.7568666666666667,0.010200163397384037,0.2431333333333333,0.010200163397384037,40.78502527872721,0.44824192373205496
1,78,0.0005455985853665819,1.2693423671745956e-05,1.4566360361735027,0.06835991322908555,0.7569666666666667,0.009800170066551598,0.24303333333333332,0.009800170066551598,40.62966664632162,0.4464319430085617
1,79,0.0005475957698964824,1.2422060304068419e-05,1.4535460986137387,0.0687405169977703,0.7569333333333333,0.009700171819784074,0.24306666666666668,0.009700171819784074,40.47494379679362,0.4446297292020028
1,80,0.0005497093710303307,1.2076828726100836e-05,1.4500785558382672,0.06796025841410573,0.7564333333333333,0.009951046846102858,0.24356666666666668,0.009951046846102858,40.320858001708984,0.44282752759417454
1,81,0.0005519101905015608,1.1777521226921317e-05,1.4465372397422789,0.06873608064295704,0.7563666666666666,0.010002666311205848,0.24363333333333334,0.010002666311205848,40.167406717936196,0.4410374655685004
1,82,0.0005541013133184364,1.1488239413444943e-05,1.444685088443756,0.0695918400053735,0.7560666666666668,0.010050041459284306,0.24393333333333334,0.010050041459284304,40.014591217041016,0.4392518201509534
1,83,0.000556378385918215,1.1169988024144073e-05,1.4405244848569234,0.06861259286339887,0.7560333333333333,0.0101618567857126,0.24396666666666664,0.0101618567857126,39.86240259806315,0.4374750509086198
1,84,0.0005586956781024735,1.085237926284649e-05,1.4382525353431703,0.06843752274258341,0.7556666666666668,0.009757219549304657,0.24433333333333332,0.009757219549304657,39.710845947265625,0.43570598632947877
1,85,0.0005610079411820819,1.0542249889982337e-05,1.4354123281796773,0.06784425682423303,0.7559,0.009706183596038132,0.2441,0.009706183596038132,39.559913635253906,0.43394136320239546
1,86,0.00056332334600389,1.0208076770155877e-05,1.4323410924275717,0.06897637778187464,0.7561,0.009995498987044077,0.2439,0.009995498987044077,39.40960566202799,0.4321844450222623
1,87,0.0005656244573214402,9.903413772169717e-06,1.4309220708847044,0.06846485426394038,0.7555,0.009325770745627383,0.24450000000000002,0.009325770745627383,39.25992075602213,0.430433105698733
1,88,0.0005679530558331559,9.59885217229163e-06,1.4273188674290977,0.06925694674733734,0.7555333333333335,0.009517527690179496,0.24446666666666664,0.009517527690179496,39.110853830973305,0.42868835645841163
1,89,0.0005702635982073843,9.275203825075823e-06,1.4254326451619466,0.06920950186129125,0.7554666666666666,0.00921212968500407,0.2445333333333333,0.00921212968500407,38.96240488688151,0.4269502471454904
1,90,0.0005725973983326307,8.94612690519991e-06,1.4227454940160118,0.06895527620883012,0.7555333333333333,0.009644342037346735,0.2444666666666667,0.009644342037346737,38.81457010904948,0.42522206809927277
1,91,0.0005748977958969772,8.642626056808569e-06,1.4204975821812946,0.06846003556642889,0.7554,0.00982445927265214,0.2446,0.00982445927265214,38.66734949747721,0.42349721155366715
1,92,0.0005771669513080269,8.333117389724778e-06,1.4177408221562704,0.06928291241990496,0.7552,0.009995498987044077,0.24480000000000002,0.009995498987044077,38.5207405090332,0.4217811941255448
1,93,0.0005794517310212056,8.025665321144828e-06,1.4160148521423341,0.06829469948782696,0.7550666666666667,0.009620984010657814,0.24493333333333334,0.009620984010657814,38.37473678588867,0.42006958758777563
1,94,0.0005816976156520346,7.697877029167671e-06,1.4131776662190756,0.06770236880641199,0.7549333333333333,0.009772580689527868,0.24506666666666665,0.009772580689527868,38.22934087117513,0.41836681850856067
1,95,0.0005839161496981978,7.360144406367231e-06,1.4116891124725341,0.06938447454217979,0.7548666666666667,0.009611104688501383,0.24513333333333334,0.009611104688501383,38.084546407063804,0.41667177382016146
1,96,0.0005860859095118939,7.043619882416783e-06,1.4089181994120281,0.06865245856046263,0.7548333333333334,0.0099721278237562,0.24516666666666664,0.0099721278237562,37.94035339355469,0.41498113894176186
1,97,0.0005882317875263592,6.719664114156399e-06,1.406654491106669,0.06828283209889238,0.7546666666666667,0.009952051714763772,0.24533333333333332,0.009952051714763772,37.79676055908203,0.41329604588681484
1,98,0.0005903552078517774,6.355913851200392e-06,1.4039862236022949,0.06889618400510261,0.7547333333333334,0.009862217465323543,0.24526666666666666,0.009862217465323543,37.65376281738281,0.4116241711199427
1,99,0.0005924410824446629,6.04877457661393e-06,1.4017805009206137,0.06905909932563535,0.7545666666666667,0.009704294581953552,0.2454333333333333,0.009704294581953552,37.511356353759766,0.4099556138598322
1,100,0.0005944195002224297,5.7074887287875075e-06,1.400229205195109,0.06871467831069517,0.7547333333333334,0.009950041875958795,0.24526666666666663,0.009950041875958795,37.369544982910156,0.40829368692122886
2,1,1.8169529396565753,0.0035601068450627927,1.6940513049443562,0.22981599960153246,0.3927,0.06775138374970655,0.6073,0.06775138374970652,37.48247273763021,0.08259223790074542
2,2,1.3976668339411418,0.021897758135942396,1.3560705933252972,0.0752082184926159,0.5114,0.023142385356743123,0.4886000000000001,0.02314238535674315,37.605882008870445,0.08127939946243276
2,3,1.1862612284533183,0.023082508848274647,1.1558008273442586,0.024964516840260194,0.5892333333333334,0.008604843597261547,0.41076666666666667,0.008604843597261547,37.741930643717446,0.08559584438188463
2,4,1.033150331188838,0.01883047508490454,1.0751628961881001,0.041003212653591796,0.6238333333333334,0.014258097114739151,0.3761666666666666,0.01425809711473915,37.880777994791664,0.09342413435385259
2,5,0.9184755056969326,0.02266450813219005,0.9758528828303019,0.06568230778618554,0.6632666666666668,0.023580147016787952,0.3367333333333333,0.023580147016787952,38.02771250406901,0.09433192522097733
2,6,0.8260654699659348,0.0218269270352677,0.9139528016726176,0.057005125866678955,0.6856333333333332,0.025085121752411958,0.3143666666666667,0.02508512175241196,38.18940226236979,0.09492927470896399
2,7,0.7445273396905264,0.02120992654539379,0.87571182791392,0.0743553300791339,0.7023,0.026703557815392336,0.2977,0.026703557815392336,38.3671506245931,0.0908533843591931
2,8,0.6811035151481629,0.01678624935346323,0.8702775754292805,0.060192858851145586,0.7091333333333333,0.01645184893357986,0.29086666666666666,0.01645184893357986,38.563533782958984,0.08981949046876767
2,9,0.6145188750123977,0.015015725158674652,0.8278660096804301,0.05771354162716671,0.7279333333333332,0.01926793536768621,0.2720666666666667,0.01926793536768621,38.78309631347656,0.08581823267096396
2,10,0.5622381736135482,0.019341742819837148,0.8201557669003804,0.02061481822989441,0.7342666666666666,0.011815385450053352,0.2657333333333333,0.011815385450053352,39.038275400797524,0.08174405729263881
2,11,0.5121064244854451,0.009192457700049951,0.8618788740793865,0.10275681157126562,0.7328333333333333,0.024506801776921737,0.26716666666666666,0.024506801776921737,39.317036946614586,0.0729310861611904
2,12,0.4660413161059221,0.016617526885877684,0.8595392301559448,0.02177737179492701,0.7387333333333332,0.007635661944673425,0.26126666666666665,0.007635661944673425,39.636112213134766,0.060161934287371543
2,13,0.41887303733468056,0.002859237759661138,0.8952906752586364,0.04910124053704629,0.7356333333333334,0.015853180543138102,0.2643666666666667,0.015853180543138102,39.96893056233724,0.051853088069750114
2,14,0.3770066304534674,0.01949836743350552,0.9164173181533813,0.03423537939915656,0.7414666666666666,0.007351417096950335,0.25853333333333334,0.007351417096950334,40.33506520589193,0.022618431690776278
2,15,0.3408033976221085,0.0034474555172208736,0.9148471359252929,0.015967773506866942,0.7451666666666666,0.006724086059334259,0.2548333333333333,0.006724086059334259,40.71643829345703,0.020829627581667506
2,16,0.311828473653396,0.013160473418064181,0.9730726658503214,0.015875909576763058,0.7398333333333333,0.00801020182850179,0.26016666666666666,0.00801020182850179,41.112579345703125,0.027000827414464836
2,17,0.27601640708595515,0.004834787273338651,1.0113754499753316,0.037875633099669105,0.7410333333333333,0.006892266197219392,0.2589666666666666,0.006892266197219392,41.499810536702476,0.05218921839064571
2,18,0.2582386829900742,0.011116808757590382,1.0429209506352741,0.07033586136084076,0.7409333333333333,0.01756255486349676,0.25906666666666667,0.01756255486349676,41.902411142985024,0.08280137424366618
2,19,0.23002079648484786,0.0036972031869501845,1.0927867971420289,0.04452913519769372,0.7399666666666667,0.01166719046443201,0.26003333333333334,0.01166719046443201,42.28151194254557,0.09282830282839284
2,20,0.20651423835178218,0.015468464985378537,1.1711073380152384,0.07313982839624267,0.7313000000000001,0.015150247522730457,0.2687,0.015150247522730458,42.65420659383138,0.13524219441646734
2,21,0.20518617610206205,0.024726284810428312,1.1232003354390463,0.02664237331818267,0.7444333333333334,0.007856419880157426,0.25556666666666666,0.007856419880157426,43.02876663208008,0.179588656735296
2,22,0.16563713746959965,0.006894851592103576,1.26301353003184,0.1324363070044373,0.7274333333333334,0.010705294640192433,0.2725666666666667,0.010705294640192433,43.33574295043945,0.17635738092829747
2,23,0.14717080573171376,0.009769346929332366,1.2440204633076986,0.11737361807563197,0.7348666666666667,0.022302989336260116,0.26513333333333333,0.022302989336260116,43.62313715616862,0.1625479805109612
2,24,0.13410218394706647,0.0170599527409125,1.2915844195683797,0.08873669217814255,0.7319333333333332,0.02041625169646314,0.2680666666666667,0.02041625169646314,43.89032491048177,0.1954928231172826
2,25,0.12412126241413256,0.006970998847225709,1.2632124367396036,0.08425349161733742,0.7439666666666667,0.015503977984160467,0.25603333333333333,0.015503977984160467,44.141727447509766,0.2055525274204218
2,26,0.10971158133695523,0.008242427140203182,1.3145840624332428,0.058649338836235916,0.7401333333333334,0.007159841711471923,0.25986666666666663,0.007159841711471923,44.364217122395836,0.18487970189527342
2,27,0.10464772583946585,0.007095066685362955,1.2873797565778098,0.01890476650867124,0.7480666666666668,0.008758043921637638,0.2519333333333333,0.008758043921637638,44.579088846842446,0.2106277149842596
2,28,0.09224143477076042,0.015374275391550854,1.3884430518468223,0.026479185576897556,0.7322333333333333,0.004670474636836526,0.2677666666666667,0.004670474636836526,44.762017567952476,0.2074570441248999
2,29,0.08215559638598313,0.015322086484117814,1.3590360083897908,0.018883714317641808,0.7449666666666667,0.003863073042712688,0.25503333333333333,0.003863073042712688,44.912375132242836,0.22400309861492734
2,30,0.07666151305291802,0.018436186228533376,1.3661568143208822,0.01533836538889529,0.7466333333333334,0.00402036482589993,0.2533666666666667,0.00402036482589993,45.04971186319987,0.20677031335425122
2,31,0.06882061762697995,0.010056259485248296,1.3999603866577148,0.0754842183810234,0.7454999999999999,0.007607233399863583,0.2545,0.007607233399863583,45.16969299316406,0.19854505050495386
2,32,0.07712099221789588,0.037285222967953974,1.3814852312723795,0.03895954394806559,0.746,0.01503695447888304,0.254,0.01503695447888304,45.31534322102865,0.21653116644324902
2,33,0.06404022727847099,0.03415235536309877,1.4180385713577273,0.01437447124828803,0.7480333333333333,0.0063579346751388545,0.25196666666666667,0.0063579346751388545,45.40652720133463,0.2695429187153713
2,34,0.04679784465604772,0.01816035160651652,1.4432276526133219,0.03158119707082885,0.7507999999999999,0.01005385498204547,0.2492,0.01005385498204547,45.43745803833008,0.2815850921056804
2,35,0.035799475037821875,0.012780865368431047,1.4166733256657917,0.013248513489209322,0.7582666666666666,0.005263395608666815,0.24173333333333333,0.005263395608666815,45.427511850992836,0.28696277173448326
2,36,0.02319904470900384,0.012702604619813835,1.477813658459981,0.07990604855116498,0.7518666666666668,0.011927419391189893,0.24813333333333334,0.011927419391189893,45.363362630208336,0.27182080907896683
2,37,0.019539121510751233,0.01963463523791344,1.4467106690088907,0.03532226613704546,0.7585333333333333,0.009514375088955291,0.2414666666666667,0.009514375088955291,45.283843994140625,0.2590485327781719
2,38,0.014932596869540867,0.019331514889712787,1.4479281302134197,0.05441261895456018,0.7618999999999999,0.00701498396291824,0.2381,0.00701498396291824,45.182786305745445,0.28206245347486353
2,39,0.013187133893481612,0.019434387742461166,1.43638826268514,0.03507360812236152,0.7631333333333333,0.005894347574866438,0.23686666666666667,0.005894347574866438,45.07343419392904,0.33224584188145145
2,40,0.012683230607450628,0.01951252631335706,1.4441178228378295,0.04332530934034427,0.7632666666666666,0.007023057263993618,0.23673333333333332,0.007023057263993618,44.96322123209635,0.40198280091331123
2,41,0.016024548276911178,0.02564858060474864,1.4567765983581544,0.059532148459264245,0.7631666666666668,0.007821338333899957,0.23683333333333334,0.007821338333899957,44.87357711791992,0.5134093129923984
2,42,0.027215968604353255,0.045245276170279174,1.4676774957656862,0.07556048920923285,0.7593666666666667,0.013687342084325,0.24063333333333334,0.013687342084325,44.82935587565104,0.7071034876468764
2,43,0.027664886475924872,0.046170141140589246,1.4710372585932412,0.077288496879991,0.7588666666666667,0.013677109831149729,0.24113333333333334,0.013677109831149729,44.7771364847819,0.8968525033466431
2,44,0.014879795599433905,0.024136815529302632,1.4378326336542766,0.02224492795685569,0.7632333333333334,0.006815668223537069,0.23676666666666665,0.006815668223537069,44.672009785970054,1.0012460064691429
2,45,0.006969985305650625,0.010522393609920567,1.4262853499730428,0.002219426342143739,0.7652666666666667,0.004539089482851509,0.23473333333333335,0.004539089482851509,44.531731923421226,1.0466088910325355
2,46,0.0033696232798113494,0.004355256380984262,1.4307715071996057,0.009959053596092934,0.7674666666666666,0.004303874223688892,0.23253333333333334,0.004303874223688892,44.374472300211586,1.0627154004549944
2,47,0.0017407492658775298,0.0015907395952135263,1.431542258898417,0.010796142950534247,0.7692666666666667,0.0061329710037903535,0.23073333333333332,0.0061329710037903535,44.209512074788414,1.0650236177113594
2,48,0.0010729239744724087,0.0004820360330463344,1.4257759812672932,0.004160505019871406,0.7698666666666666,0.0075008888362202404,0.23013333333333333,0.007500888836220241,44.042229970296226,1.0624916492656011
2,49,0.000886774992190767,0.000200016390955135,1.4254629646301271,0.005131343045258322,0.7694666666666667,0.007614022152143587,0.23053333333333328,0.007614022152143587,43.87490463256836,1.058935352755459
2,50,0.0008189456845393094,0.00011738325184450846,1.4236156576156616,0.0052979229929914886,0.7696333333333333,0.008110076037456941,0.2303666666666667,0.008110076037456941,43.707977294921875,1.0550789293247633
2,51,0.0007769000525275865,7.499447468725982e-05,1.4227911416371664,0.0064237779789835785,0.7698333333333333,0.007750053763254356,0.23016666666666666,0.007750053763254356,43.54154586791992,1.0510622077899978
2,52,0.0007465528011027104,4.952377833836525e-05,1.4223445854822794,0.007064493775299407,0.7696666666666667,0.007652668379939979,0.2303333333333333,0.007652668379939979,43.37565358479818,1.0469514682242882
2,53,0.0007233083298111646,3.446318656371429e-05,1.4195100283304851,0.007908451314629755,0.7698,0.007799999999999974,0.2302,0.007799999999999974,43.21032460530599,1.0427689872659236
2,54,0.0007044881101635594,2.699124747846878e-05,1.4184114950815836,0.00712687298580059,0.7697666666666668,0.008203251387915228,0.23023333333333332,0.008203251387915228,43.045580546061196,1.0385401214774697
2,55,0.0006891968098950261,2.574098627523733e-05,1.4163127183914186,0.008013117525218034,0.7698999999999999,0.008129575634681058,0.2301,0.008129575634681058,42.881429036458336,1.0342841066487636
2,56,0.0006763975312723778,2.7676196422453898e-05,1.4144743176778156,0.008428937637750896,0.7695666666666666,0.007956339191696936,0.23043333333333335,0.007956339191696936,42.71788024902344,1.030005218754107
2,57,0.0006655750635902708,3.088303680197169e-05,1.4121126307169598,0.007625459453804072,0.7695,0.007332803011127488,0.2305,0.007332803011127488,42.55494054158529,1.0257104754379476
2,58,0.0006566724684850001,3.461086900198205e-05,1.4098746418635049,0.009066214722290404,0.7695333333333334,0.007569896520648966,0.23046666666666668,0.007569896520648966,42.3926150004069,1.021405681403425
2,59,0.000648788287747496,3.73313522901187e-05,1.4075175104141235,0.008850658994299933,0.7695333333333333,0.007444013254510876,0.2304666666666667,0.007444013254510876,42.23091125488281,1.017095431834632
2,60,0.000642300485992649,3.9873899566567445e-05,1.4052416527430218,0.008450380133830085,0.7689333333333334,0.0073853458506242505,0.23106666666666667,0.007385345850624251,42.06982421875,1.0127885571521213
2,61,0.0006367875940643717,4.21431975487016e-05,1.40320011660258,0.008623590736152868,0.7689666666666666,0.007537461995481865,0.2310333333333333,0.007537461995481865,41.90936279296875,1.008478970108175
2,62,0.0006319625008936662,4.3898674841003166e-05,1.4005699672063192,0.009374009979266485,0.769,0.007534586916347844,0.23099999999999998,0.007534586916347844,41.74952824910482,1.0041742886898615
2,63,0.0006280555928863275,4.549764966423366e-05,1.3981068548202515,0.008346207306592777,0.7689,0.0077323993688893184,0.2311,0.0077323993688893184,41.5903205871582,0.9998781803384257
2,64,0.0006247005331679248,4.675949437534028e-05,1.3958888999938965,0.007381918731174666,0.7688666666666667,0.007716432681837712,0.2311333333333333,0.007716432681837712,41.431739807128906,0.9955879051832188
2,65,0.0006218783684672477,4.780554529189728e-05,1.3933124212265016,0.006988112644702179,0.7685666666666666,0.0075566747537083164,0.23143333333333335,0.007556674753708317,41.27378590901693,0.9913052722209486
2,66,0.0006195462543160344,4.844108092630914e-05,1.3913786322911579,0.0077480165346360385,0.7685000000000001,0.007463913182774803,0.2315,0.007463913182774803,41.11646016438802,0.987034276595218
2,67,0.0006175327296617131,4.908145069552252e-05,1.3880624905904135,0.007051540401135303,0.7687666666666667,0.008064944719793972,0.23123333333333332,0.008064944719793972,40.95976638793945,0.9827721813632206
2,68,0.0006160798668558709,4.94998143951111e-05,1.386052620124817,0.00625812535205533,0.7684000000000001,0.0077252831663311835,0.23159999999999994,0.0077252831663311835,40.80369440714518,0.9785256669208113
2,69,0.0006149215225176886,4.988154835024913e-05,1.3841034598668418,0.007686980379673314,0.7683666666666666,0.007769384359994939,0.23163333333333333,0.007769384359994939,40.648250579833984,0.974288925366798
2,70,0.0006139191055670381,5.0108807309487776e-05,1.380657976659139,0.0065004196320398245,0.7681333333333332,0.007813663246732171,0.2318666666666667,0.007813663246732171,40.493429819742836,0.9700680916578923
2,71,0.000613230514889583,5.024979911688521e-05,1.37859445959727,0.007376557735392001,0.7679333333333332,0.007651361534611562,0.23206666666666667,0.007651361534611563,40.3392333984375,0.9658579613203189
2,72,0.0006127245905273595,5.0263326994639485e-05,1.3759979207992554,0.006249634608105555,0.7681333333333332,0.00791096285753725,0.23186666666666667,0.00791096285753725,40.18566131591797,0.9616658738652255
2,73,0.0006125015944157107,5.0138709398395915e-05,1.3749186013539632,0.006890113860241044,0.7679999999999999,0.007696102909914862,0.232,0.007696102909914862,40.03270975748698,0.957484488490482
2,74,0.0006123578777979128,5.009376969540883e-05,1.3724025070190429,0.006777081786897215,0.7679999999999999,0.007888599368709231,0.232,0.007888599368709231,39.880383809407554,0.9533205457446126
2,75,0.0006124805817046824,4.978926944007689e-05,1.3693726615905764,0.006361920341256739,0.7679,0.007790378681424918,0.2321,0.007790378681424918,39.72867075602213,0.9491700387883838
2,76,0.0006126219791942276,4.962272372635744e-05,1.3668442059834798,0.006787156622234482,0.7678333333333334,0.007878028518184803,0.23216666666666666,0.007878028518184801,39.57757568359375,0.9450360373144315
2,77,0.0006130789908192431,4.9420387498860335e-05,1.3647461996714274,0.006938524364373026,0.7675666666666667,0.007735847292529323,0.2324333333333333,0.007735847292529323,39.42709732055664,0.940916405727472
2,78,0.0006134422550777284,4.9002822491036524e-05,1.3634443373362224,0.0061395846389831294,0.7675666666666666,0.007716432681837772,0.23243333333333335,0.007716432681837772,39.27723058064779,0.9368144748730856
2,79,0.000614038774772392,4.8688144525938626e-05,1.3609815418879192,0.007406306483331891,0.7675666666666667,0.007617304860206958,0.23243333333333335,0.007617304860206958,39.127978006998696,0.9327272522578092
2,80,0.000614626115312955,4.8264148877317644e-05,1.3582787552515665,0.006619263410005781,0.7674666666666666,0.007283085426749649,0.23253333333333334,0.007283085426749649,38.97933705647787,0.9286577282249998
2,81,0.0006154280305048451,4.7648415722100796e-05,1.356053441429138,0.007740636880481871,0.7672666666666667,0.007508217720160541,0.23273333333333332,0.00750821772016054,38.831302642822266,0.9246047054726425
2,82,0.0006162810384583039,4.719613807006426e-05,1.3537195461273193,0.006648835120294012,0.7671666666666667,0.007444684904905888,0.23283333333333334,0.007444684904905888,38.683876037597656,0.9205703176951645
2,83,0.0006170836748865743,4.667881742150808e-05,1.3520590432484945,0.007386567141778759,0.7672333333333334,0.007068474611493873,0.23276666666666665,0.007068474611493873,38.53705342610677,0.9165518329133926
2,84,0.0006180082604444276,4.611904951755859e-05,1.349531726582845,0.007188448706903371,0.7667666666666667,0.00721410655128779,0.2332333333333333,0.00721410655128779,38.39083353678385,0.9125489060688043
2,85,0.0006189002074378853,4.549815006299607e-05,1.3478041149775188,0.006637812114389903,0.7669,0.007073895673530979,0.23309999999999997,0.007073895673530979,38.24521509806315,0.9085676874614299
2,86,0.0006198419048008509,4.4930302399870395e-05,1.3455170187632242,0.008000943233850357,0.7664333333333334,0.007117818017716731,0.23356666666666667,0.007117818017716731,38.1001942952474,0.9045971599886173
2,87,0.0006208561632153578,4.43574982667689e-05,1.3441748249689738,0.00796942005222194,0.7665666666666665,0.007214106551287777,0.23343333333333335,0.007214106551287776,37.955771128336586,0.900647397442091
2,88,0.0006217718077536362,4.3709320489214294e-05,1.3423402696609497,0.007700371338524317,0.7662999999999999,0.0071582120672693235,0.23370000000000002,0.0071582120672693235,37.81193923950195,0.8967141307245783
2,89,0.0006228251511122411,4.302079289172804e-05,1.3408342071533204,0.009376403661778696,0.7662666666666667,0.007447370900749675,0.23373333333333335,0.007447370900749675,37.66870244344076,0.892801032072133
2,90,0.0006238381273928098,4.234133975444098e-05,1.338781187693278,0.008167255458051388,0.7663333333333333,0.007433258594542037,0.2336666666666667,0.007433258594542037,37.526055653889976,0.8889059674163188
2,91,0.0006248379229133327,4.15901036406143e-05,1.3367295250574749,0.008685558522421363,0.7658666666666667,0.0077105987662005404,0.23413333333333333,0.0077105987662005404,37.3839963277181,0.88502739716374
2,92,0.0006258872180245817,4.1035694026251544e-05,1.3352056929270428,0.00935162719141516,0.7658999999999999,0.007405403432629433,0.23409999999999997,0.007405403432629433,37.242523193359375,0.8811649685545114
2,93,0.0006268552973292147,4.032657720395799e-05,1.333421202214559,0.010440774195418607,0.7653666666666666,0.007281712252851887,0.23463333333333336,0.007281712252851887,37.10163243611654,0.8773215176649333
2,94,0.0006279186457636146,3.956431682775627e-05,1.3314688301086426,0.010328515984932387,0.7651333333333333,0.007409678355592323,0.2348666666666667,0.007409678355592324,36.96132278442383,0.873496692340985
2,95,0.0006288887080379452,3.888725046748019e-05,1.3304555052439373,0.010759681104950602,0.7655333333333333,0.007433258594542099,0.23446666666666668,0.007433258594542099,36.82159169514974,0.8696898986496384
2,96,0.0006298746874191177,3.824126639895448e-05,1.3286993114471435,0.011898859022402527,0.7651333333333333,0.0075745186865788915,0.23486666666666667,0.0075745186865788915,36.682440439860024,0.8658986479554908
2,97,0.0006306785605871119,3.7413471933724294e-05,1.3264467124938963,0.010169921456127162,0.7653333333333333,0.007285830998131462,0.2346666666666667,0.007285830998131462,36.5438601175944,0.8621263757533029
2,98,0.0006317227828882945,3.6608898724186027e-05,1.325281632232666,0.010842025649024907,0.7650333333333333,0.0075745186865788915,0.23496666666666666,0.0075745186865788915,36.40585454305013,0.8583739109260615
2,99,0.0006326215873161951,3.602293274710352e-05,1.3231486984888712,0.011791054176615724,0.7651666666666667,0.007322112627741617,0.23483333333333334,0.007322112627741617,36.26841608683268,0.8546367503422087
2,100,0.0006334672424732707,3.537621517979169e-05,1.3210820921579998,0.01256370875666644,0.7653,0.0072394751190953096,0.23470000000000002,0.0072394751190953096,36.13154602050781,0.850916078124453
4,1,2.126887730633418,0.0635864736713009,1.6125342990239462,0.042260399568502825,0.39486666666666664,0.009150045537227324,0.6051333333333333,0.009150045537227354,37.663962046305336,0.16706517531550588
4,2,1.6326222525183358,0.032476136191338864,1.4111293992996217,0.03201035407593539,0.4761666666666667,0.011000151514108021,0.5238333333333334,0.011000151514108,37.740282694498696,0.1447271718020372
4,3,1.4422301903629304,0.055320272786137166,1.3237380500793456,0.07086135681168039,0.5254666666666666,0.01737018518419806,0.4745333333333333,0.01737018518419806,37.84518559773763,0.12971582858550304
4,4,1.2848810747623445,0.060578190129452605,1.174608241144816,0.04910163551602679,0.5741999999999999,0.020512435252792373,0.4258,0.020512435252792373,37.96098200480143,0.11399229977731877
4,5,1.1629549481264752,0.06805922642362752,1.1269664602915446,0.06281707331868691,0.5968333333333333,0.02259255039461751,0.4031666666666667,0.02259255039461751,38.09287643432617,0.11045994430113
4,6,1.0496759797493616,0.05511151118194572,1.0031446817398073,0.02052938367390786,0.6428000000000001,0.012186467905016617,0.35719999999999996,0.012186467905016617,38.22781753540039,0.11208872938073708
4,7,0.9580289941088358,0.04359745407545649,0.9428530174573263,0.045494851576229275,0.6683666666666667,0.015417306293037536,0.33163333333333334,0.015417306293037536,38.37661870320638,0.11752457125920947
4,8,0.877247000187238,0.0410605774917684,0.9034379459063212,0.04311697318199931,0.6832333333333332,0.01790232759540877,0.3167666666666667,0.017902327595408767,38.53784434000651,0.11960990499004491
4,9,0.8008815065574647,0.037204128616579915,0.8748572756131491,0.06029536079351847,0.6979333333333333,0.01943253285944304,0.3020666666666667,0.01943253285944304,38.710105895996094,0.1281047209563409
4,10,0.7310255903053284,0.03808098210654738,0.8498008250236512,0.03799136021103521,0.7102333333333334,0.013925635832281912,0.2897666666666667,0.013925635832281912,38.897012074788414,0.1405312905748399
4,11,0.6764437425851823,0.03608103201862488,0.8339710508028667,0.036169206945049354,0.7223,0.017121915780659597,0.2777,0.017121915780659597,39.10894012451172,0.15633975371785735
4,12,0.6205357948128382,0.02537055355341092,0.8207061908721923,0.04677692863986158,0.7293666666666666,0.014780166891254394,0.27063333333333334,0.014780166891254394,39.339046478271484,0.16671082219376784
4,13,0.56524977307717,0.017692142787166135,0.8383819672584534,0.05443265439212973,0.7319,0.015069173832695699,0.26809999999999995,0.015069173832695699,39.59438959757487,0.1864735005479064
4,14,0.5287462088092169,0.02428307110026169,0.8385764755407971,0.04469575798375217,0.7338,0.012393950137062862,0.2662,0.012393950137062862,39.879170735677086,0.21625234906283528
4,15,0.4767266630756855,0.014214207005998838,0.8754546690940858,0.040932673805794136,0.7304666666666666,0.009327557736799772,0.26953333333333335,0.009327557736799772,40.17862065633138,0.2474491008839013
4,16,0.43559065374533334,0.015397312835578167,0.8826106392542522,0.03984447909391853,0.7347333333333333,0.013229638443031363,0.26526666666666665,0.013229638443031363,40.49388631184896,0.26706143567710944
4,17,0.39679368532021847,0.00959851118542331,0.9205562641620636,0.05280485693897146,0.7325666666666667,0.010710897877084511,0.26743333333333336,0.010710897877084511,40.842339833577476,0.28050663704419554
4,18,0.35743073017080623,0.0060394139593129064,0.9799143744150798,0.055345240908870566,0.7287666666666667,0.007736493607140971,0.2712333333333333,0.007736493607140971,41.1999397277832,0.2941724051832633
4,19,0.3276128801614046,0.004999784341030312,0.9846792704264322,0.07392566728218396,0.7299333333333333,0.012777454102180641,0.2700666666666667,0.012777454102180641,41.571205139160156,0.31187032009354876
4,20,0.2969060569276412,0.005022258318630483,1.0142969212214152,0.06603725332333062,0.7338666666666667,0.012653984879607418,0.2661333333333333,0.012653984879607418,41.94171142578125,0.3264277343921812
4,21,0.27171666271150113,0.021603330519010738,1.0469418256123861,0.0974023416972296,0.7334333333333333,0.01612027708612148,0.2665666666666667,0.01612027708612148,42.316576639811196,0.3515494587861413
4,22,0.23905183982958397,0.006848902309314196,1.0981482020537057,0.13316159477767472,0.7337333333333333,0.019697800215590932,0.2662666666666667,0.019697800215590932,42.66533660888672,0.3553218579599572
4,23,0.20802760844588278,0.025911122950447747,1.1357977971076965,0.09460198527593043,0.7332333333333333,0.009686244542304987,0.2667666666666667,0.009686244542304987,42.99060185750326,0.33006333994687764
4,24,0.1826692418940862,0.01336252029587167,1.1940387554645537,0.11677851986251536,0.7266333333333334,0.012318414400130179,0.2733666666666667,0.012318414400130179,43.30716069539388,0.33321678252729603
4,25,0.17657800087432066,0.015404877819385007,1.2024469243367515,0.08587242557433303,0.7317333333333332,0.01254804101576551,0.26826666666666665,0.012548041015765512,43.62903086344401,0.37376483297591184
4,26,0.14915084751000007,0.023712349714624794,1.2623994405746461,0.11017355985969426,0.7288,0.009584883932526295,0.2712,0.009584883932526295,43.902207692464195,0.3528019708772096
4,27,0.13174371731698512,0.03694112518246087,1.2659729510943096,0.1554499824417994,0.7349333333333333,0.016143213228268182,0.2650666666666666,0.016143213228268182,44.13437016805013,0.31257713109969565
4,28,0.11616906726077199,0.021663946524723716,1.3488402683258058,0.11768832591493975,0.7260333333333334,0.008390669421049424,0.27396666666666664,0.008390669421049424,44.35232289632162,0.26937670401056024
4,29,0.11306756885573267,0.03398688535184026,1.3291136964797972,0.10202682674911259,0.7348,0.01772653378413278,0.2652,0.01772653378413278,44.56875228881836,0.3641386070356167
4,30,0.09468045021722714,0.02355196837138372,1.3595103810946148,0.09010408338207347,0.7323999999999998,0.01443883651822404,0.2676,0.01443883651822404,44.74010213216146,0.4243274310512554
4,31,0.08666632416330278,0.015559866730268592,1.3792670318285625,0.08576484964304602,0.7338,0.008346855695410087,0.2662,0.008346855695410087,44.89846547444662,0.3668023666551587
4,32,0.06440928012775878,0.023575558571606977,1.4133588703791302,0.07038800768458678,0.7376333333333333,0.007968897874444969,0.2623666666666667,0.007968897874444969,44.97524770100912,0.2885980344201052
4,33,0.05414960689942042,0.03631246783915486,1.4099148074467978,0.06946972596204129,0.7411666666666666,0.009477517255765542,0.25883333333333336,0.009477517255765542,45.02090199788412,0.22426210165180555
4,34,0.04584630409374212,0.041528488631143834,1.4234314237594603,0.0737005991276559,0.7419666666666666,0.004398105652816144,0.25803333333333334,0.004398105652816144,45.03661855061849,0.2716208313318135
4,35,0.028870038358091068,0.02226874117244102,1.4499200567881267,0.06124550682470777,0.7437999999999999,0.008901123524589435,0.2562,0.008901123524589435,44.98909123738607,0.2942783194369897
4,36,0.024926229708028647,0.021639062910371938,1.463747416814168,0.05086372339709337,0.7428666666666667,0.006469415223444317,0.2571333333333333,0.006469415223444317,44.93293126424154,0.2981074137513221
4,37,0.03977761890496904,0.05316481798603572,1.5222580177942913,0.08676814965649082,0.7370666666666668,0.015310889371076207,0.2629333333333333,0.015310889371076207,44.93713506062826,0.35069801588056126
4,38,0.06625966462700783,0.10754793266122419,1.4242718983332316,0.12254314683236274,0.7483000000000001,0.010703737664946773,0.2517,0.010703737664946773,44.965999603271484,0.5712090174955738
4,39,0.019551076352380525,0.02993831471533072,1.4365642090479536,0.11168515548165638,0.7500333333333334,0.01142205468964903,0.24996666666666667,0.01142205468964903,44.863234202067055,0.6615730831426632
4,40,0.007019968975894154,0.009308600299653351,1.4502233023325601,0.09925668803311888,0.7513,0.013136590120727707,0.2487,0.013136590120727707,44.717169443766274,0.6910553161119474
4,41,0.0032441294229092698,0.003161746069078355,1.4570645208994548,0.09536837152186599,0.7520333333333333,0.01412881216993606,0.24796666666666667,0.01412881216993606,44.556732177734375,0.6989587161456233
4,42,0.0019219624693769342,0.0010959083661181467,1.4621860425949098,0.09160611275792421,0.7528333333333332,0.015200438590163541,0.24716666666666667,0.015200438590163541,44.39173126220703,0.6995958927349958
4,43,0.0014988532081851736,0.0005237371277356813,1.4679040331522624,0.08887454918236827,0.7526999999999999,0.015423358907838426,0.2473,0.015423358907838426,44.22583897908529,0.6983933218674928
4,44,0.0013218345764100861,0.0003417893190239257,1.4716232173919679,0.08490372370978364,0.7529,0.01503429413042063,0.24710000000000001,0.01503429413042063,44.05993143717448,0.6965743340285697
4,45,0.0012135147887437296,0.0002547647180553559,1.4734776420593263,0.08070778970834348,0.7524666666666667,0.014977761292440661,0.2475333333333333,0.014977761292440661,43.894246419270836,0.6944393974438121
4,46,0.0011337056497895779,0.00020054052000761526,1.4760314118067424,0.07994078320520859,0.7524333333333333,0.014921572749992992,0.24756666666666668,0.014921572749992994,43.72889836629232,0.6921031262246677
4,47,0.0010728629690936458,0.00016580270538784446,1.4776008049647011,0.0779861842054226,0.7527,0.014533753816547177,0.2473,0.014533753816547175,43.56395594278971,0.6896251309208885
4,48,0.0010238917378763048,0.00014158905311105596,1.4786312393188474,0.07688584590517489,0.7524000000000001,0.014860686390607948,0.24760000000000001,0.01486068639060795,43.399462381998696,0.687044521092263
4,49,0.0009835573314301049,0.00012453437600967263,1.4791346115112305,0.07675263272520308,0.7529333333333333,0.014969747270189064,0.24706666666666666,0.014969747270189064,43.23545583089193,0.6843899239338156
4,50,0.0009500468773348255,0.00011271570512334935,1.478189323488871,0.07563984526699208,0.7528,0.015229248175796498,0.24719999999999998,0.015229248175796498,43.07196044921875,0.6816732297114727
4,51,0.0009216489104243615,0.000104103789476765,1.479119660949707,0.07456756587027802,0.7526,0.01477125587077824,0.24740000000000004,0.01477125587077824,42.90899658203125,0.6789174537991479
4,52,0.0008975540957972408,9.780096470617327e-05,1.4793419471740723,0.07448723062310648,0.7529666666666667,0.015375413273578496,0.24703333333333333,0.015375413273578496,42.74657948811849,0.6761266938861457
4,53,0.0008765966164770847,9.309766157082765e-05,1.4774498295466107,0.07416195052872317,0.7527,0.014635914730552351,0.2473,0.01463591473055235,42.58472188313802,0.6733084075668573
4,54,0.0008583531633981814,8.961263019751382e-05,1.4769260308583576,0.07308368333669658,0.7526,0.014635914730552351,0.24739999999999998,0.01463591473055235,42.4234364827474,0.670472488028034
4,55,0.0008421880687470548,8.693837695662289e-05,1.4773468777338665,0.07204961160857339,0.7525333333333334,0.015069948020259823,0.2474666666666667,0.015069948020259823,42.26272455851237,0.6676187837662146
4,56,0.0008284531197588269,8.487801509273748e-05,1.4758594536463419,0.07365690251704772,0.7524000000000001,0.014801013478812878,0.24760000000000001,0.014801013478812878,42.10259755452474,0.6647514370950613
4,57,0.0008156772752331258,8.343013181790539e-05,1.474403731218974,0.07257092754489927,0.7522333333333333,0.014618595463769188,0.2477666666666667,0.014618595463769188,41.94308090209961,0.6618429197105691
4,58,0.0008050643896800465,8.215025210130727e-05,1.4728020193099975,0.07197937787053531,0.7523333333333334,0.014545216854118501,0.24766666666666662,0.014545216854118501,41.78413645426432,0.6589671587654858
4,59,0.0007953048451749298,8.084113029017541e-05,1.4719521397272748,0.07200149915773524,0.7522333333333333,0.014385525132345084,0.24776666666666666,0.014385525132345084,41.62578837076823,0.656085307681229
4,60,0.0007868030473900338,8.012008155050921e-05,1.4702582137425741,0.07285553066373512,0.7517999999999999,0.014568802284333448,0.2482,0.014568802284333448,41.46804173787435,0.6531993148400198
4,61,0.0007788573327435492,7.901407844999238e-05,1.4689069407780966,0.07220086300538998,0.7520666666666666,0.01481935671118466,0.2479333333333333,0.014819356711184659,41.31089401245117,0.6503187475705884
4,62,0.0007721071602993955,7.848454150128533e-05,1.4677036416371665,0.0721145317973387,0.7516666666666666,0.01454727924160849,0.2483333333333333,0.01454727924160849,41.15435282389323,0.6474342672584491
4,63,0.0007659174995077773,7.800127816967298e-05,1.4667311407725014,0.07191188498757589,0.7517666666666667,0.014721526188997264,0.24823333333333333,0.014721526188997264,40.99841562906901,0.6445533472793834
4,64,0.0007603129649690043,7.736390252226792e-05,1.4643147053400674,0.07172913335659356,0.7517666666666667,0.014856087416723552,0.24823333333333333,0.014856087416723552,40.84308115641276,0.6416723006989636
4,65,0.0007554165411173987,7.666791478994765e-05,1.4629774843851724,0.07247804671873624,0.7514333333333333,0.015076582282909244,0.24856666666666669,0.015076582282909244,40.688350677490234,0.6387985971117595
4,66,0.0007510906585150709,7.629549569485123e-05,1.4612934085210165,0.0722751238226586,0.7517999999999999,0.014381585448065191,0.24819999999999998,0.014381585448065193,40.53423055013021,0.6359323596906472
4,67,0.0007470198291943718,7.57412131450426e-05,1.4596791797002158,0.07148966680761039,0.7512,0.014373239022572426,0.2488,0.014373239022572426,40.38073984781901,0.6330350617705732
4,68,0.0007435931779591677,7.521920618664736e-05,1.4590965398788451,0.07235300244937111,0.7513666666666667,0.014130227646196392,0.24863333333333335,0.014130227646196392,40.227831522623696,0.6301779621556703
4,69,0.0007402495764545165,7.500367658779814e-05,1.4574670623143513,0.0727123336055814,0.7512666666666666,0.014162391511793916,0.24873333333333336,0.014162391511793916,40.07553482055664,0.6273222335701928
4,70,0.0007374674027125971,7.444667426101405e-05,1.4553771271387737,0.07184508594462052,0.7512333333333334,0.014381005991700757,0.24876666666666666,0.014381005991700757,39.92383575439453,0.6244766137382863
4,71,0.0007349722807249055,7.405962017188665e-05,1.4544227083841959,0.07245513014861536,0.7511333333333333,0.014086991635311375,0.24886666666666668,0.014086991635311375,39.772743225097656,0.6216384179054324
4,72,0.0007326196423677418,7.344635337288087e-05,1.4518882719675699,0.07228170272231277,0.7512,0.014208448191129082,0.2488,0.014208448191129082,39.62225087483724,0.6188096122008447
4,73,0.0007307152659259737,7.299534322076477e-05,1.4496477465311688,0.07230994998087653,0.7509666666666668,0.014096926378942772,0.24903333333333333,0.014096926378942772,39.47236124674479,0.6159865293857163
4,74,0.0007288208616819855,7.25282492048578e-05,1.449569251124064,0.07289104661691617,0.7509666666666668,0.01429347170331029,0.24903333333333333,0.01429347170331029,39.323071797688804,0.6131728235566573
4,75,0.0007270501397519061,7.198435034707349e-05,1.4471867499669393,0.07211015853988018,0.7508333333333334,0.014249678358943188,0.24916666666666668,0.014249678358943188,39.174381256103516,0.6103686363335512
4,76,0.0007255095196631737,7.156003616445762e-05,1.445868652788798,0.07262190734894394,0.7506666666666666,0.013868789901549917,0.24933333333333332,0.013868789901549917,39.02628835042318,0.6075719852715699
4,77,0.0007242706380031693,7.115043711050026e-05,1.4439016489664713,0.07273362274579456,0.7503666666666667,0.014556899853105154,0.2496333333333333,0.014556899853105154,38.878798166910805,0.6047860608060313
4,78,0.0007230720788853553,7.09794284483377e-05,1.442456405766805,0.0727622766690364,0.7503666666666667,0.014162391511793965,0.24963333333333335,0.014162391511793965,38.73189926147461,0.6020067458743631
4,79,0.000721924218562587,7.036267371319636e-05,1.4410770046234134,0.07221079224531814,0.7503333333333333,0.014122794813114466,0.24966666666666668,0.014122794813114466,38.585591634114586,0.5992348010479188
4,80,0.0007210203282783429,6.973763548848585e-05,1.439097926457723,0.07240067821704214,0.7501333333333333,0.013695376348729298,0.24986666666666668,0.013695376348729298,38.43987782796224,0.5964741778307816
4,81,0.0007202595405932516,6.938100429505433e-05,1.4381157459894816,0.07285052475829416,0.7504,0.013622040963086236,0.24959999999999996,0.013622040963086236,38.29475402832031,0.5937248698484981
4,82,0.0007192567263729871,6.897828081166655e-05,1.436702881558736,0.07191629386622654,0.7501666666666668,0.01348196325960484,0.24983333333333332,0.013481963259604842,38.15021514892578,0.590985365580285
4,83,0.0007186501395485054,6.855608726482757e-05,1.434510647201538,0.07308264722440204,0.7502666666666666,0.013640503412020173,0.24973333333333336,0.013640503412020173,38.006266276041664,0.5882512232575102
4,84,0.0007181648517213761,6.811847319476179e-05,1.4331400460561117,0.07311864144672715,0.7504333333333334,0.013664674651572667,0.24956666666666663,0.013664674651572667,37.8629035949707,0.5855305247141646
4,85,0.0007175796883987884,6.768342832085086e-05,1.4322689857482909,0.07236401726299824,0.7505000000000001,0.013487772240069884,0.24949999999999997,0.013487772240069884,37.72012201944987,0.5828174813396888
4,86,0.0007170971756777725,6.721645306919383e-05,1.4301854565302532,0.07306792190837713,0.7500666666666668,0.013346285375838974,0.2499333333333333,0.013346285375838974,37.577920277913414,0.5801160593231158
4,87,0.000716507212073387,6.69037192471088e-05,1.429415495745341,0.07199447703583459,0.7501000000000001,0.01365173981586232,0.2499,0.013651739815862322,37.43629837036133,0.5774257636765919
4,88,0.0007160977189506714,6.659064544037695e-05,1.4274301893870038,0.0731327415065578,0.7498666666666667,0.013677109831149767,0.2501333333333334,0.013677109831149765,37.29525248209635,0.5747411284800017
4,89,0.0007157503830633747,6.616242558427878e-05,1.4268827636082966,0.0730918186786026,0.7497333333333334,0.013760208331756221,0.2502666666666667,0.013760208331756221,37.154781341552734,0.5720644718656823
4,90,0.0007152888031272839,6.581969533051233e-05,1.4247144759496055,0.07324953102059947,0.7496333333333333,0.013071470205502228,0.2503666666666667,0.013071470205502228,37.01488494873047,0.5694028982688721
4,91,0.0007148649610493642,6.555036008730735e-05,1.423817540168762,0.07320407975226707,0.7498,0.013489254983133829,0.25020000000000003,0.013489254983133827,36.87555694580078,0.5667491355026971
4,92,0.0007143562473007478,6.520705144742412e-05,1.4214219586054486,0.07362261755192667,0.7494,0.013224220203853242,0.2506,0.013224220203853242,36.73679733276367,0.5641048288756176
4,93,0.0007141432542780724,6.466984431853138e-05,1.4210853106180827,0.07306612144018633,0.7494999999999999,0.013061010680647984,0.2505,0.013061010680647984,36.59860483805338,0.5614701473088459
4,94,0.0007137925276982909,6.44707044843916e-05,1.4192671955744427,0.07373359446671571,0.7492666666666666,0.012657145544447706,0.2507333333333333,0.012657145544447706,36.460976918538414,0.5588487183630632
4,95,0.0007133932230551726,6.407290178595642e-05,1.4178236853917439,0.0732225687377645,0.7494333333333333,0.012908266085471529,0.25056666666666666,0.012908266085471529,36.32391103108724,0.5562332839811182
4,96,0.0007131636378495022,6.364283825631676e-05,1.4162068820953368,0.07410497697048937,0.7494,0.012901162738296121,0.2506,0.012901162738296121,36.18740463256836,0.5536312755230677
4,97,0.0007127867320040241,6.326321967712527e-05,1.4158769332249959,0.07304767403064645,0.7493333333333334,0.012418668742394775,0.25066666666666665,0.012418668742394777,36.051456451416016,0.5510385325001933
4,98,0.0007125521957416399,6.288272233100863e-05,1.414390072631836,0.07334747361303526,0.7492000000000001,0.012375782803523978,0.25079999999999997,0.012375782803523978,35.91607157389323,0.5484657211096937
4,99,0.0007121968611950675,6.245801224330093e-05,1.413030758158366,0.07411415188482587,0.7491666666666666,0.012595766484550835,0.25083333333333335,0.012595766484550835,35.78123346964518,0.5458940269694952
4,100,0.0007118470895042022,6.228309401278383e-05,1.4122429526646931,0.07342873508111145,0.7488666666666667,0.01264766118036583,0.2511333333333334,0.01264766118036583,35.64694595336914,0.5433305029444079
8,1,4.268551901199817,2.3046991182890615,1.8610178238868713,0.014415078479817513,0.2418,0.12280305370795956,0.7582,0.12280305370795956,2218.422580718994,2986.83945224755
8,2,1.848212217259407,0.042792074068524075,1.701920460987091,0.035465236326187456,0.2762,0.15299686271293278,0.7238000000000001,0.15299686271293278,2209.779224395752,2975.1166671112683
8,3,1.681659416882992,0.02742933122230876,1.5177431057929993,0.005645096964631748,0.32656666666666667,0.19621784662291383,0.6734333333333332,0.19621784662291386,2201.169143676758,2963.4227819004227
8,4,1.5564262835860254,0.012071707400815075,1.4146972611427309,0.04692852392310239,0.35380000000000006,0.220108427825924,0.6462,0.22010842782592402,2192.597812652588,2951.7762953725874
8,5,1.4532205602812769,0.03233145602913614,1.3430430915832519,0.07245640624851245,0.37166666666666676,0.23601223132145785,0.6283333333333333,0.23601223132145788,2184.0653800964355,2940.1652580532727
8,6,1.3642397953224181,0.06654896243548004,1.246084285068512,0.10831176621254889,0.3979000000000001,0.25950936399290103,0.6021,0.2595093639929011,2175.5705375671387,2928.5915203577147
8,7,1.275988689646721,0.08820532105417578,1.1834155727863314,0.11667986161253331,0.4164666666666667,0.27529868022446696,0.5835333333333333,0.27529868022446696,2167.115566253662,2917.0684290127265
8,8,1.1842342543435098,0.11076705571896116,1.1351412282943727,0.10255007771281448,0.42873333333333336,0.28594071646642655,0.5712666666666667,0.28594071646642655,2158.6866912841797,2905.5802473965973
8,9,1.1286461597490312,0.11834473996551344,1.0929025992393493,0.14535078784592934,0.44426666666666675,0.30028535317816174,0.5557333333333333,0.30028535317816174,2150.299617767334,2894.1344580922246
8,10,1.0456180277395248,0.11963775251671686,1.047209928035736,0.1515973686222412,0.45533333333333337,0.3101516134624054,0.5446666666666666,0.3101516134624054,2141.946922302246,2882.7367256360485
8,11,1.0033448363363742,0.11959717430141491,1.0131427458286286,0.1756508505392103,0.4647666666666667,0.31893987416648506,0.5352333333333333,0.3189398741664851,2133.6286849975586,2871.3703639221562
8,12,0.9230228647267819,0.1406023448781676,0.9820393660545349,0.1498106181892259,0.4739,0.3256555388750512,0.5261,0.3256555388750512,2125.341537475586,2860.0539472352734
8,13,0.8781299629807473,0.12192497206763056,0.9606573686122895,0.1919776542313371,0.48023333333333335,0.33227826190308224,0.5197666666666666,0.3322782619030823,2117.0972213745117,2848.772941993335
8,14,0.8153437749016285,0.13893887287448511,0.9850825306892395,0.16423132384651679,0.47923333333333334,0.330365711497627,0.5207666666666667,0.33036571149762706,2108.884105682373,2837.5341294556783
8,15,0.780346776909232,0.1226201715928255,0.9403275056838989,0.17203946990648183,0.48963333333333336,0.33975391584694553,0.5103666666666666,0.33975391584694553,2100.7107849121094,2826.328117281407
8,16,0.728509535524249,0.12304663221029666,0.9644634849548339,0.21098652752051011,0.4873333333333334,0.3384189317005379,0.5126666666666667,0.3384189317005379,2092.5714683532715,2815.1637853057396
8,17,0.6935163747876882,0.11706337669281375,0.936079301738739,0.1669452300939688,0.49593333333333334,0.3449437103837862,0.5040666666666667,0.3449437103837862,2084.471321105957,2804.0338289740675
8,18,0.6380573486101627,0.12698065240953413,0.9436341568470001,0.17671444291781724,0.496,0.3452709081286751,0.504,0.3452709081286751,2076.4028282165527,2792.94991183666
8,19,0.594906595646739,0.09740483494103237,0.9600986887454985,0.2125593400784395,0.4967333333333334,0.3464896006135441,0.5032666666666666,0.34648960061354417,2068.371139526367,2781.897845578434
8,20,0.561706928756833,0.10225071642224916,1.024066767835617,0.1924072677803669,0.4908333333333334,0.3405591627505173,0.5091666666666667,0.3405591627505173,2060.3751258850098,2770.8850965978977
8,21,0.5293264182907342,0.0779084885248145,1.001504696035385,0.20948946545969202,0.49763333333333337,0.3470163156586925,0.5023666666666667,0.3470163156586925,2052.4246215820312,2759.8956855074935
8,22,0.46371843686729664,0.09233283931678356,1.042065171957016,0.20198939249698428,0.49713333333333337,0.34642230490159454,0.5028666666666667,0.34642230490159454,2044.4945526123047,2748.966453373267
8,23,0.4437306991791725,0.0858721921263486,1.0708248549461366,0.21328714055763529,0.49606666666666666,0.34578901563429304,0.5039333333333333,0.34578901563429304,2036.6041870117188,2738.0656626067653
8,24,0.3949532953557372,0.09832247784381819,1.1091574253559113,0.22212171228675143,0.4965,0.3458958080116034,0.5035,0.3458958080116034,2028.739486694336,2727.215237661409
8,25,0.3735098355960846,0.05476756116755057,1.2031008962631224,0.19643374968950597,0.48706666666666676,0.3371158455684535,0.5129333333333334,0.3371158455684535,2020.9204330444336,2716.3893374614386
8,26,0.3447737928503752,0.07069199773260924,1.2221443409919739,0.2281006200466095,0.4897,0.3394206681980342,0.5103,0.3394206681980342,2013.1275634765625,2705.609271453462
8,27,0.317963289052248,0.08313403301018589,1.2633942934513094,0.16252723929808127,0.4897,0.3389709279569562,0.5103,0.3389709279569562,2005.364128112793,2694.873895940598
8,28,0.2958485533669591,0.03398185880802252,1.25996121840477,0.27549942491171736,0.49540000000000006,0.34480143561186055,0.5046,0.34480143561186055,1997.6399307250977,2684.172108431423
8,29,0.2468730178336799,0.06837505461432673,1.3272898990631103,0.23031487264013153,0.4929666666666667,0.34203824834853386,0.5070333333333333,0.34203824834853386,1989.920742034912,2673.541613159442
8,30,0.2175419293357432,0.06967915445374108,1.3808837615966798,0.25773234519249266,0.49360000000000004,0.3431256475403726,0.5064000000000001,0.3431256475403726,1982.2337799072266,2662.953240459387
8,31,0.26740269088834523,0.10759648300217829,1.347453827190399,0.4057145284342616,0.49523333333333336,0.34477074025116067,0.5047666666666667,0.3447707402511607,1974.637077331543,2652.3187044847455
8,32,0.19155717217005788,0.09459866553779812,1.4178407514095306,0.3527315377694696,0.4940666666666667,0.34412213432636574,0.5059333333333333,0.3441221343263658,1966.9764137268066,2641.8574871407736
8,33,0.14322633087012918,0.11159080458486346,1.468327781867981,0.3270477808207911,0.49620000000000003,0.3461229261404104,0.5038,0.34612292614041046,1959.3274993896484,2631.4680421708936
8,34,0.08047008839452639,0.05799084550473696,1.5449386724472047,0.3214575377434739,0.49713333333333337,0.3468460369289713,0.5028666666666667,0.34684603692897137,1951.6953086853027,2621.133667284802
8,35,0.04317863220376894,0.030617214447641115,1.6075292470932006,0.3303132857351557,0.49720000000000003,0.34672486210250336,0.5028,0.3467248621025034,1944.0764350891113,2610.851929429228
8,36,0.022310087376097215,0.016530668224320644,1.6565014877319335,0.3452673333932837,0.49843333333333334,0.34769153474499964,0.5015666666666667,0.3476915347449997,1936.48335647583,2600.6296961802564
8,37,0.011087831936511212,0.007257900022352261,1.6945876298427582,0.3668628360560317,0.4977666666666667,0.3471309023024792,0.5022333333333333,0.3471309023024792,1928.9133262634277,2590.4480641705663
8,38,0.006748222106886096,0.0038132433667203308,1.7260856266975404,0.38804821603042006,0.4984,0.3475956846682651,0.5015999999999999,0.3475956846682651,1921.3710250854492,2580.307664591362
8,39,0.004835824834392406,0.002319525846029842,1.7504288047790528,0.3984605671718341,0.4977666666666667,0.34719297707951025,0.5022333333333333,0.34719297707951025,1913.8580741882324,2570.2086215229656
8,40,0.003928024667792488,0.0017093699737326155,1.7691417501449584,0.4075330327749898,0.4975333333333333,0.34706162757258735,0.5024666666666667,0.3470616275725874,1906.3729362487793,2560.147930063665
8,41,0.003373741511723492,0.0013994953106077914,1.7845542980194091,0.41447840856935203,0.49766666666666665,0.3471761704572094,0.5023333333333334,0.3471761704572094,1898.918685913086,2550.129873681969
8,42,0.002986933024090249,0.001191548224881273,1.7976606118202212,0.42062724035154897,0.4980666666666667,0.34757055878387244,0.5019333333333333,0.34757055878387244,1891.4907875061035,2540.1474013787083
8,43,0.0026975624875817446,0.0010492782670879148,1.8081863724708558,0.4255139471938155,0.4982666666666667,0.3477296267696115,0.5017333333333333,0.34772962676961156,1884.095085144043,2530.2091664076443
8,44,0.002476804118219297,0.0009444444245210428,1.8188356072425842,0.4306583149169432,0.4980666666666667,0.34769942958442324,0.5019333333333333,0.3476994295844233,1876.7245903015137,2520.304681284169
8,45,0.0022989821150060743,0.000859080605907235,1.826751172351837,0.43408306721398177,0.4982333333333333,0.34779712956453984,0.5017666666666667,0.34779712956453984,1869.3851585388184,2510.4425830776536
8,46,0.002153793433357496,0.000794243419916797,1.831849114227295,0.4346400264205456,0.4981666666666667,0.3476756007161465,0.5018333333333334,0.34767560071614656,1862.073974609375,2500.6185667404043
8,47,0.0020301234779937657,0.0007402203975773887,1.8388672702789308,0.43895533124163577,0.4979333333333334,0.3475330391967551,0.5020666666666667,0.34753303919675516,1854.7919578552246,2490.8340942623013
8,48,0.001929958162046969,0.0006967253877951904,1.844357398700714,0.4408599686352895,0.4974,0.3470363525626674,0.5026,0.3470363525626674,1847.5363578796387,2481.0851141510916
8,49,0.001841398625088623,0.0006586975177846616,1.8484537472724916,0.4459269447641776,0.49770000000000003,0.34730043190298515,0.5023,0.34730043190298515,1840.3105964660645,2471.376454749741
8,50,0.0017635821645101534,0.0006233317904870049,1.8530698736190796,0.44587340208217896,0.49750000000000005,0.34707744092637316,0.5025,0.34707744092637316,1833.1135177612305,2461.706643278774
8,51,0.0016968628670775798,0.0005952183013335873,1.8546068369865418,0.4454704527200011,0.49736666666666673,0.34695017413647933,0.5026333333333334,0.34695017413647933,1825.941478729248,2452.0701284924808
8,52,0.0016387438422627747,0.0005705574739067922,1.8582325179100037,0.44876587852506045,0.4973000000000001,0.3468929085467156,0.5027,0.3468929085467156,1818.8020973205566,2442.4782340689435
8,53,0.0015856337223493027,0.000547048797129965,1.8609949989318846,0.4501290153669649,0.49690000000000006,0.34656207236222486,0.5031,0.3465620723622249,1811.6854438781738,2432.9163455041476
8,54,0.001539783943417715,0.0005285160503752497,1.8629852120399475,0.4502452002692734,0.49690000000000006,0.3464608347273902,0.5031,0.34646083472739025,1804.6012649536133,2423.3986457183796
8,55,0.0014991873471939471,0.0005115261357570574,1.8657655400276185,0.4497212236353505,0.49676666666666663,0.3463588360838125,0.5032333333333333,0.34635883608381257,1797.5427856445312,2413.915380919369
8,56,0.0014621154831873718,0.0004971895195693606,1.8670175721168518,0.45232796265276637,0.4963666666666667,0.34605306433166183,0.5036333333333334,0.3460530643316619,1790.5101280212402,2404.466723740608
8,57,0.001428359259706922,0.00048295438318550385,1.867735823249817,0.4538514787056735,0.49646666666666667,0.34610738699619414,0.5035333333333334,0.3461073869961942,1783.5087585449219,2395.0604804527898
8,58,0.001398175318862777,0.00046955368650128496,1.868607696914673,0.45419571528252245,0.4963,0.34602119877256077,0.5036999999999999,0.34602119877256077,1776.5306663513184,2385.6851925079163
8,59,0.0013709044671838637,0.0004594088717851719,1.8698949695587157,0.4548934949998508,0.4963666666666667,0.34604040708179346,0.5036333333333333,0.34604040708179346,1769.5828742980957,2376.350953570444
8,60,0.001346313125869492,0.00044853914911299585,1.8701969115257264,0.4542873449588437,0.4961666666666667,0.3458812561173752,0.5038333333333334,0.34588125611737525,1762.6611518859863,2367.051662125407
8,61,0.0013230904788244517,0.0004401717398369023,1.8698061873435974,0.45443673038357535,0.496,0.3457190911708522,0.504,0.3457190911708522,1755.7664756774902,2357.7886992407375
8,62,0.00130190791237168,0.0004312181385121036,1.870747877883911,0.4576871445682546,0.4961666666666667,0.34584335085893053,0.5038333333333334,0.34584335085893053,1748.8994140625,2348.5629874266565
8,63,0.0012832285509677603,0.00042381163061058124,1.8710139370918273,0.4566760918440869,0.49610000000000004,0.3458239870223001,0.5039,0.3458239870223001,1742.0583114624023,2339.3720342871293
8,64,0.0012654788020753766,0.0004173801182630679,1.8719526749610902,0.45868089240333865,0.4963,0.345995794772133,0.5037,0.34599579477213305,1735.24361038208,2330.216595093682
8,65,0.0012493796209758147,0.00040984103605179375,1.871047024536133,0.45757924432022956,0.4961666666666667,0.3458812561173752,0.5038333333333334,0.34588125611737525,1728.4582595825195,2321.100786076127
8,66,0.0012336401370447129,0.00040328676856643883,1.870566233444214,0.4559373954267441,0.49643333333333334,0.34612301763005204,0.5035666666666666,0.3461230176300521,1721.6952819824219,2312.0147940994325
8,67,0.0012205705878161825,0.0003981060841081635,1.8702843461990355,0.457621270595036,0.4961333333333333,0.345846285701225,0.5038666666666667,0.345846285701225,1714.9633445739746,2302.9708761414945
8,68,0.001208136875985656,0.0003934046643355581,1.8695361629486082,0.46046188483506273,0.49610000000000004,0.3457734952248364,0.5039,0.34577349522483647,1708.2529907226562,2293.9554750784337
8,69,0.0011955901301384437,0.00038792545846281254,1.8699607523918151,0.45761384371341385,0.49626666666666663,0.34598620396387675,0.5037333333333334,0.34598620396387675,1701.5732383728027,2284.9817326347907
8,70,0.0011848359419521877,0.0003841178018736579,1.865854421901703,0.45740794590601974,0.49606666666666666,0.34578901563429304,0.5039333333333333,0.34578901563429304,1694.915699005127,2276.0373432794995
8,71,0.001174686514212517,0.00038000628127460014,1.8669582850456239,0.4596471776216726,0.4963,0.3459831354271476,0.5037,0.34598313542714765,1688.2881774902344,2267.1337116125924
8,72,0.001164548348536482,0.00037578631033942866,1.8668424867630002,0.4591294666394017,0.49626666666666663,0.34598620396387675,0.5037333333333334,0.34598620396387675,1681.6822967529297,2258.258861185596
8,73,0.0011561080338223838,0.00037313438328012683,1.8675675888061523,0.45932789238375205,0.4962,0.3459162326344342,0.5038,0.3459162326344342,1675.1066360473633,2249.424827789747
8,74,0.0011472412035334854,0.0003700493187271002,1.8656083524703981,0.45668208802564825,0.4961333333333333,0.345846285701225,0.5038666666666667,0.345846285701225,1668.5530815124512,2240.620298536554
8,75,0.001138820917546982,0.00036678115155192904,1.8637122608184815,0.45973471075918837,0.4959666666666667,0.3456841380991227,0.5040333333333333,0.34568413809912274,1662.0277481079102,2231.8538889162032
8,76,0.0011313934978481848,0.00036401858263234344,1.8631072343826294,0.4577847472285119,0.49606666666666666,0.3457511436471806,0.5039333333333333,0.3457511436471806,1655.5257568359375,2223.1186881942376
8,77,0.0011245152067986782,0.00036121352234010204,1.862836828994751,0.4582126169095377,0.4958333333333334,0.34556959260521364,0.5041666666666667,0.3455695926052137,1649.0512733459473,2214.4205443301826
8,78,0.0011180252635257784,0.00035909916626408213,1.8628604524612427,0.4578668765331339,0.4956666666666667,0.34543273344217584,0.5043333333333333,0.34543273344217584,1642.6006050109863,2205.7543214776647
8,79,0.0011116378866147716,0.0003567590959776083,1.860226905441284,0.45867512415193373,0.49583333333333335,0.34554438692204703,0.5041666666666668,0.345544386922047,1636.176097869873,2197.123261909447
8,80,0.0011054919456643985,0.00035447497015179616,1.8604299746513366,0.4593469480192055,0.49570000000000003,0.3454424264620662,0.5043000000000001,0.3454424264620662,1629.7754936218262,2188.5243445394285
8,81,0.0010997239507187623,0.00035226312062294264,1.8582214090347289,0.4579862935929607,0.49573333333333336,0.34543963775648756,0.5042666666666666,0.34543963775648756,1623.402530670166,2179.962640476421
8,82,0.0010947709862701594,0.00035114110232725004,1.8580217894554139,0.45793501429787964,0.4955333333333334,0.3452552727089528,0.5044666666666666,0.3452552727089528,1617.0509567260742,2171.429383175935
8,83,0.0010896794788260013,0.0003490670225501643,1.857875813484192,0.4565457334623863,0.49550000000000005,0.345270604019514,0.5045000000000001,0.345270604019514,1610.7273979187012,2162.934191560325
8,84,0.0010846868843853007,0.000347203315611346,1.8543366949081421,0.4572123784597831,0.49536666666666673,0.3451308785567199,0.5046333333333334,0.3451308785567199,1604.4259452819824,2154.468158820389
8,85,0.001080200422637863,0.0003459782320099343,1.8545550668716433,0.45722510316654574,0.4953333333333334,0.345083429525866,0.5046666666666667,0.345083429525866,1598.1515808105469,2146.0390858320234
8,86,0.001076044681238709,0.0003445237996184892,1.8533616271972657,0.4580993013646759,0.49543333333333334,0.3451381510834948,0.5045666666666667,0.3451381510834949,1591.8992919921875,2137.639214877705
8,87,0.001071785222075414,0.00034328025668689283,1.8526283273696902,0.4562625209366043,0.4949333333333334,0.3448027600430909,0.5050666666666667,0.34480276004309096,1585.6743431091309,2129.276292885364
8,88,0.001068215934826294,0.0003418875738819233,1.8516360982894897,0.45662119884449687,0.4948000000000001,0.34462518770397504,0.5052,0.34462518770397504,1579.4716529846191,2120.943349777782
8,89,0.0010640083578415216,0.0003406050306604025,1.851003974342346,0.4571839163220912,0.49523333333333336,0.3449662930393828,0.5047666666666667,0.34496629303938287,1573.2938766479492,2112.643536116177
8,90,0.0010604486512753647,0.0003398978198400497,1.8487613151550293,0.45534312944831784,0.4950666666666667,0.34482931043247084,0.5049333333333333,0.34482931043247084,1567.1406364440918,2104.3770407184325
8,91,0.0010570837750227657,0.0003389502640856062,1.8467468676567078,0.45669841389401755,0.49523333333333336,0.3449538568175943,0.5047666666666667,0.3449538568175943,1561.0103759765625,2096.141230923802
8,92,0.0010537422675790731,0.00033779550664647255,1.8464734734535218,0.4539758469749586,0.4950333333333334,0.3447571947520941,0.5049666666666667,0.3447571947520941,1554.9050483703613,2087.93886886815
8,93,0.0010500425188161898,0.0003363162856815648,1.8454992714881897,0.4546079593397787,0.49540000000000006,0.3451282080618737,0.5046,0.3451282080618737,1548.8226051330566,2079.7673272855277
8,94,0.0010470675901067443,0.0003356185482116444,1.8439801613807678,0.4558829480373541,0.4953666666666667,0.345068432826495,0.5046333333333334,0.3450684328264951,1542.7655639648438,2071.629950949832
8,95,0.0010443149357743096,0.0003349258616924895,1.8434950992584227,0.4540283530467886,0.4954666666666667,0.34508651572226545,0.5045333333333333,0.34508651572226545,1536.7299003601074,2063.521037561048
8,96,0.0010410708991158753,0.00033472547863525753,1.8421313010215759,0.45343853143667906,0.4952666666666667,0.34492689563635553,0.5047333333333334,0.3449268956363556,1530.7206268310547,2055.447999569716
8,97,0.0010381157183554023,0.00033370161434217495,1.841579606437683,0.45321294113809163,0.4952666666666667,0.34491461745384655,0.5047333333333334,0.3449146174538466,1524.732421875,2047.4028257028722
8,98,0.0010351759176002815,0.00033278699156880955,1.8392864297866822,0.45278501508144114,0.49540000000000006,0.34504149025878034,0.5046,0.34504149025878034,1518.7701683044434,2039.3927665671586
8,99,0.001032819325174205,0.0003324238731629981,1.8378606101036072,0.4518160806133621,0.49573333333333336,0.3453649422470864,0.5042666666666666,0.3453649422470864,1512.8283233642578,2031.410123787814
8,100,0.0010305243028886617,0.00033137968762531875,1.8358998690605164,0.45118936736098847,0.49560000000000004,0.3452133832863379,0.5044,0.3452133832863379,1506.9125862121582,2023.4623745529389
